away_team,home_team,home_game_id_x,away_game_id_x,off_eff_hometeam,def_eff_hometeam,efg_pct_hometeam,ts_pct_hometeam,threepar_hometeam,ftr_hometeam,adj_off_eff_hometeam,adj_def_eff_hometeam,luck_x,home_game_id_y,away_game_id_y,off_eff_awayteam,def_eff_awayteam,efg_pct_awayteam,ts_pct_awayteam,threepar_awayteam,ftr_awayteam,adj_off_eff_awayteam,adj_def_eff_awayteam,luck_y,net_rating_hometeam,net_rating_awayteam,luck_hometeam,luck_awayteam,home_advantage
Syracuse Orange,Virginia Cavaliers,"[401806379, 401820641, 401820646, 401820669, 401820680]","[401812625, 401817487, 401817488, 401817489, 401817490, 401817491, 401817492, 401813441, 401817513, 401817514, 401817515, 401820654, 401820664, 401820697]",122.406587587166,98.53170554708863,0.5658240809267623,0.5967476440997305,0.4658395701792475,0.3710033045710557,103.9020499318442,110.4660646400051,-0.1322055617214957,"[401817481, 401817482, 401831216, 401820653, 401820663, 401820674]","[401817476, 401817477, 401817478, 401817479, 401806366, 401817480, 401817483, 401817484, 401817485, 401817486, 401820640, 401820673, 401820688, 401820696]",108.10260223401754,99.10846022524764,0.53234758230893,0.5615305229705392,0.3623421229507319,0.4032867477841929,98.50337875613558,116.0420676195878,-0.2238615285055724,-6.564014708160897,-17.538688863452222,-0.1322055617214957,-0.2238615285055724,-15.50909090909091
Louisville Cardinals,Wake Forest Demon Deacons,"[401817529, 401817531, 401823638, 401817534, 401820638, 401820661, 401820677, 401820689]","[401817527, 401817528, 401817530, 401817532, 401817533, 401806370, 401817535, 401817536, 401817537, 401820649, 401820656, 401820683]",110.58892451299344,104.79968293651802,0.5272543944406625,0.5700046542371173,0.4524223387223824,0.3292515560941212,97.8733388776686,114.0086459156442,-0.1557813597120024,"[401817243, 401806374, 401817248, 401820634, 401820643, 401820679]","[401817239, 401817240, 401817241, 401817242, 401817244, 401817245, 401817246, 401817247, 401817249, 401820650, 401820659, 401820669, 401820691]",120.98419937567954,96.61387029571245,0.5656099856733844,0.6069684520348624,0.5374473809457839,0.3547948195978849,105.31908103992104,113.57524199160692,-0.248104883593033,-16.135307037975593,-8.256160951685871,-0.1557813597120024,-0.248104883593033,-17.666666666666664
Virginia Tech Hokies,NC State Wolfpack,"[401831198, 401831202, 401806373, 401820651, 401820658, 401820685, 401820693]","[401817252, 401817253, 401817254, 401817255, 401817256, 401817257, 401817258, 401817259, 401817260, 401817261, 401820638, 401820646, 401820678]",119.3094913816194,101.15270894998592,0.5621140086166329,0.6034688269152053,0.4453540056418791,0.3641635948523035,101.96623612710978,116.3460850251912,-0.2567678748368029,"[401817522, 401830878, 401806372, 401820649, 401820671, 401820688, 401820691]","[401817517, 401817518, 401817519, 401817520, 401817521, 401830753, 401817523, 401817524, 401817525, 401817526, 401820641, 401820655, 401820665, 401820682]",113.0113080003948,103.20584698566611,0.5250185968690291,0.5693547684281504,0.3902084450984826,0.391656783387389,101.88389657645791,117.60398398148538,-0.1163135307364837,-14.37984889808142,-15.72008740502747,-0.2567678748368029,-0.1163135307364837,-7.636363636363637
Miami Hurricanes,Boston College Eagles,"[401817211, 401817213, 401820645, 401820659, 401820667, 401820692]","[401817212, 401812644, 401817214, 401809311, 401831228, 401812606, 401806378, 401817215, 401817216, 401812313, 401817217, 401820651, 401820674, 401820684]",99.93641010006344,99.067965449336,0.4704477171068348,0.5071364355664738,0.4369639361527307,0.3536120780678142,93.95265480649869,113.14238838800888,-0.0528781995748109,"[401809416, 401830887, 401806371, 401820656, 401820670, 401820676, 401820696]","[401809413, 401809414, 401809415, 401809417, 401809418, 401809419, 401809420, 401809421, 401809422, 401809423, 401820637, 401820660, 401820686]",117.54804521370872,97.51109845235206,0.5678564617974879,0.5998432520260935,0.3353097040437465,0.3787374277871443,100.40360289648372,115.7223326888482,-0.1734946484719848,-19.189733581510197,-15.31872979236448,-0.0528781995748109,-0.1734946484719848,-15.106060606060606
SMU Mustangs,Pittsburgh Panthers,"[401817444, 401817445, 401817449, 401817451, 401820637, 401820668, 401820684]","[401817441, 401817442, 401817443, 401809077, 401817446, 401817447, 401806367, 401817448, 401817450, 401820647, 401820663, 401820679, 401820693]",108.88588066695492,108.06438825230934,0.5177123766606156,0.5463753574579089,0.4105407446096065,0.3187310734774274,99.60353245843189,120.62955332926806,-0.1798997603578814,"[401817459, 401806375, 401817461, 401820652, 401820657, 401820683]","[401817452, 401817453, 401817454, 401817455, 401817456, 401817457, 401817458, 401817460, 401817462, 401817463, 401820648, 401820671, 401820680, 401820694]",118.23609625116012,105.1148327088201,0.5554595735066987,0.5994678600034766,0.3414290004406374,0.3586930010854961,106.1790994703848,116.67990305674638,-0.1637376073691662,-21.026020870836177,-10.500803586361585,-0.1798997603578814,-0.1637376073691662,-7.784615384615385
Florida State Seminoles,Notre Dame Fighting Irish,"[401817434, 401817436, 401831217, 401812254, 401820635, 401820642, 401820682, 401820687]","[401812350, 401817132, 401817433, 401817435, 401817437, 401806368, 401817438, 401817439, 401817440, 401820662, 401820670, 401820692]",108.11316144867152,103.90498525164293,0.520795833392808,0.5529550709218694,0.4156353467727348,0.335770010873713,96.07724363505078,115.20380626999344,-0.105820505912395,"[401826707, 401824813, 401813443, 401820639, 401820673, 401820686, 401820694]","[401826705, 401826706, 401826708, 401826709, 401823735, 401826710, 401806369, 401826711, 401826712, 401823350, 401820644, 401820658, 401820677]",108.0881141055545,107.49940138774907,0.5036481995090131,0.5434347071023173,0.5104473024083672,0.3356214834548127,98.34245638275904,121.30685952208268,-0.1459219227804836,-19.12656263494266,-22.964403139323636,-0.105820505912395,-0.1459219227804836,-13.666666666666668
Duke Blue Devils,North Carolina Tar Heels,"[401806365, 401809307, 401820648, 401820672, 401820675, 401820697]","[401817262, 401817263, 401817264, 401817265, 401817266, 401817198, 401817267, 401817268, 401817269, 401817270, 401817271, 401820639, 401820661, 401820687]",117.56494624530042,99.49136630487948,0.5583096665368543,0.5893350529684807,0.4288561072619655,0.4140890435337458,103.34295197011905,114.62365634744684,-0.1467597847979774,"[401817230, 401817234, 401817235, 401820644, 401820650, 401820666, 401820681]","[401817228, 401817229, 401817231, 401817232, 401813377, 401817233, 401806364, 401817236, 401817237, 401820636, 401820657, 401820689]",121.7638743357702,92.54713635039452,0.5770491345813442,0.6147802484146965,0.4569973362455592,0.4362558889835238,105.58621368218492,108.62733623372192,-0.0437445876397648,-11.280704377327794,-3.0411225515370006,-0.1467597847979774,-0.0437445876397648,-25.65
Clemson Tigers,California Golden Bears,"[401817221, 401820654, 401820665, 401820695]","[401817218, 401817219, 401817220, 401817222, 401817223, 401813762, 401817224, 401817225, 401820295, 401817226, 401813282, 401817227, 401820634, 401820642, 401820666, 401820675]",112.43332950763032,100.2279106615814,0.5273025469016133,0.580980439863559,0.419071797612879,0.3824370684190584,97.82943883701566,114.372069184533,-0.1262293189310646,"[401812919, 401831230, 401806376, 401812923, 401820640, 401820647, 401820662, 401820690]","[401812916, 401812917, 401812918, 401812920, 401809308, 401827173, 401812924, 401812925, 401812926, 401820652, 401820667, 401820676, 401820685]",113.91019827575836,96.50895627232934,0.5373285711982928,0.5772246648067425,0.4240408696494376,0.3820829599176122,102.04124659821426,111.694526672935,-0.1305101403513524,-16.542630347517346,-9.65328007472074,-0.1262293189310646,-0.1305101403513524,-16.5
Georgia Tech Yellow Jackets,Stanford Cardinal,"[401817469, 401830750, 401817472, 401817474, 401820655, 401820664]","[401817464, 401817465, 401817466, 401817467, 401817468, 401817470, 401817471, 401817473, 401817475, 401820635, 401820643, 401820672, 401820681, 401820695]",108.20866618033004,104.37991918076956,0.4987528282464291,0.5473072368598474,0.434635568969459,0.4347873937075461,97.5132894565206,115.9167728345723,0.0087638475852369,"[401826713, 401825573, 401830884, 401820636, 401820660, 401820678]","[401820296, 401820614, 401808950, 401826714, 401825386, 401806377, 401824865, 401813326, 401826755, 401826756, 401820645, 401820653, 401820668, 401820690]",103.02827001417788,100.85398821306585,0.5099503546150347,0.5477221226447655,0.3136434294790716,0.3709008143434382,95.62982462021432,113.34731059254808,-0.0466291733057738,-18.403483378051703,-17.717485972333762,0.0087638475852369,-0.0466291733057738,-8.047619047619047
NC State Wolfpack,Louisville Cardinals,"[401817243, 401806374, 401817248, 401820634, 401820643, 401820679]","[401817239, 401817240, 401817241, 401817242, 401817244, 401817245, 401817246, 401817247, 401817249, 401820650, 401820659, 401820669, 401820691]",120.98419937567954,96.61387029571245,0.5656099856733844,0.6069684520348624,0.5374473809457839,0.3547948195978849,105.31908103992104,113.57524199160692,-0.248104883593033,"[401831198, 401831202, 401806373, 401820651, 401820658, 401820685, 401820693]","[401817252, 401817253, 401817254, 401817255, 401817256, 401817257, 401817258, 401817259, 401817260, 401817261, 401820638, 401820646, 401820678]",119.3094913816194,101.15270894998592,0.5621140086166329,0.6034688269152053,0.4453540056418791,0.3641635948523035,101.96623612710978,116.3460850251912,-0.2567678748368029,-8.256160951685871,-14.37984889808142,-0.248104883593033,-0.2567678748368029,-19.516666666666666
Virginia Cavaliers,Florida State Seminoles,"[401826707, 401824813, 401813443, 401820639, 401820673, 401820686, 401820694]","[401826705, 401826706, 401826708, 401826709, 401823735, 401826710, 401806369, 401826711, 401826712, 401823350, 401820644, 401820658, 401820677]",108.0881141055545,107.49940138774907,0.5036481995090131,0.5434347071023173,0.5104473024083672,0.3356214834548127,98.34245638275904,121.30685952208268,-0.1459219227804836,"[401806379, 401820641, 401820646, 401820669, 401820680]","[401812625, 401817487, 401817488, 401817489, 401817490, 401817491, 401817492, 401813441, 401817513, 401817514, 401817515, 401820654, 401820664, 401820697]",122.406587587166,98.53170554708863,0.5658240809267623,0.5967476440997305,0.4658395701792475,0.3710033045710557,103.9020499318442,110.4660646400051,-0.1322055617214957,-22.964403139323636,-6.564014708160897,-0.1459219227804836,-0.1322055617214957,-20.21212121212121
North Carolina Tar Heels,Miami Hurricanes,"[401809416, 401830887, 401806371, 401820656, 401820670, 401820676, 401820696]","[401809413, 401809414, 401809415, 401809417, 401809418, 401809419, 401809420, 401809421, 401809422, 401809423, 401820637, 401820660, 401820686]",117.54804521370872,97.51109845235206,0.5678564617974879,0.5998432520260935,0.3353097040437465,0.3787374277871443,100.40360289648372,115.7223326888482,-0.1734946484719848,"[401806365, 401809307, 401820648, 401820672, 401820675, 401820697]","[401817262, 401817263, 401817264, 401817265, 401817266, 401817198, 401817267, 401817268, 401817269, 401817270, 401817271, 401820639, 401820661, 401820687]",117.56494624530042,99.49136630487948,0.5583096665368543,0.5893350529684807,0.4288561072619655,0.4140890435337458,103.34295197011905,114.62365634744684,-0.1467597847979774,-15.31872979236448,-11.280704377327794,-0.1734946484719848,-0.1467597847979774,-20.2
Notre Dame Fighting Irish,SMU Mustangs,"[401817459, 401806375, 401817461, 401820652, 401820657, 401820683]","[401817452, 401817453, 401817454, 401817455, 401817456, 401817457, 401817458, 401817460, 401817462, 401817463, 401820648, 401820671, 401820680, 401820694]",118.23609625116012,105.1148327088201,0.5554595735066987,0.5994678600034766,0.3414290004406374,0.3586930010854961,106.1790994703848,116.67990305674638,-0.1637376073691662,"[401817434, 401817436, 401831217, 401812254, 401820635, 401820642, 401820682, 401820687]","[401812350, 401817132, 401817433, 401817435, 401817437, 401806368, 401817438, 401817439, 401817440, 401820662, 401820670, 401820692]",108.11316144867152,103.90498525164293,0.520795833392808,0.5529550709218694,0.4156353467727348,0.335770010873713,96.07724363505078,115.20380626999344,-0.105820505912395,-10.500803586361585,-19.12656263494266,-0.1637376073691662,-0.105820505912395,-19.015384615384615
Duke Blue Devils,Pittsburgh Panthers,"[401817444, 401817445, 401817449, 401817451, 401820637, 401820668, 401820684]","[401817441, 401817442, 401817443, 401809077, 401817446, 401817447, 401806367, 401817448, 401817450, 401820647, 401820663, 401820679, 401820693]",108.88588066695492,108.06438825230934,0.5177123766606156,0.5463753574579089,0.4105407446096065,0.3187310734774274,99.60353245843189,120.62955332926806,-0.1798997603578814,"[401817230, 401817234, 401817235, 401820644, 401820650, 401820666, 401820681]","[401817228, 401817229, 401817231, 401817232, 401813377, 401817233, 401806364, 401817236, 401817237, 401820636, 401820657, 401820689]",121.7638743357702,92.54713635039452,0.5770491345813442,0.6147802484146965,0.4569973362455592,0.4362558889835238,105.58621368218492,108.62733623372192,-0.0437445876397648,-21.026020870836177,-3.0411225515370006,-0.1798997603578814,-0.0437445876397648,-7.784615384615385
Virginia Tech Hokies,Clemson Tigers,"[401812919, 401831230, 401806376, 401812923, 401820640, 401820647, 401820662, 401820690]","[401812916, 401812917, 401812918, 401812920, 401809308, 401827173, 401812924, 401812925, 401812926, 401820652, 401820667, 401820676, 401820685]",113.91019827575836,96.50895627232934,0.5373285711982928,0.5772246648067425,0.4240408696494376,0.3820829599176122,102.04124659821426,111.694526672935,-0.1305101403513524,"[401817522, 401830878, 401806372, 401820649, 401820671, 401820688, 401820691]","[401817517, 401817518, 401817519, 401817520, 401817521, 401830753, 401817523, 401817524, 401817525, 401817526, 401820641, 401820655, 401820665, 401820682]",113.0113080003948,103.20584698566611,0.5250185968690291,0.5693547684281504,0.3902084450984826,0.391656783387389,101.88389657645791,117.60398398148538,-0.1163135307364837,-9.65328007472074,-15.72008740502747,-0.1305101403513524,-0.1163135307364837,-15.575757575757578
California Golden Bears,Syracuse Orange,"[401817481, 401817482, 401831216, 401820653, 401820663, 401820674]","[401817476, 401817477, 401817478, 401817479, 401806366, 401817480, 401817483, 401817484, 401817485, 401817486, 401820640, 401820673, 401820688, 401820696]",108.10260223401754,99.10846022524764,0.53234758230893,0.5615305229705392,0.3623421229507319,0.4032867477841929,98.50337875613558,116.0420676195878,-0.2238615285055724,"[401817221, 401820654, 401820665, 401820695]","[401817218, 401817219, 401817220, 401817222, 401817223, 401813762, 401817224, 401817225, 401820295, 401817226, 401813282, 401817227, 401820634, 401820642, 401820666, 401820675]",112.43332950763032,100.2279106615814,0.5273025469016133,0.580980439863559,0.419071797612879,0.3824370684190584,97.82943883701566,114.372069184533,-0.1262293189310646,-17.538688863452222,-16.542630347517346,-0.2238615285055724,-0.1262293189310646,-6.205128205128205
Stanford Cardinal,Boston College Eagles,"[401817211, 401817213, 401820645, 401820659, 401820667, 401820692]","[401817212, 401812644, 401817214, 401809311, 401831228, 401812606, 401806378, 401817215, 401817216, 401812313, 401817217, 401820651, 401820674, 401820684]",99.93641010006344,99.067965449336,0.4704477171068348,0.5071364355664738,0.4369639361527307,0.3536120780678142,93.95265480649869,113.14238838800888,-0.0528781995748109,"[401817469, 401830750, 401817472, 401817474, 401820655, 401820664]","[401817464, 401817465, 401817466, 401817467, 401817468, 401817470, 401817471, 401817473, 401817475, 401820635, 401820643, 401820672, 401820681, 401820695]",108.20866618033004,104.37991918076956,0.4987528282464291,0.5473072368598474,0.434635568969459,0.4347873937075461,97.5132894565206,115.9167728345723,0.0087638475852369,-19.189733581510197,-18.403483378051703,-0.0528781995748109,0.0087638475852369,-15.106060606060606
Wake Forest Demon Deacons,Georgia Tech Yellow Jackets,"[401826713, 401825573, 401830884, 401820636, 401820660, 401820678]","[401820296, 401820614, 401808950, 401826714, 401825386, 401806377, 401824865, 401813326, 401826755, 401826756, 401820645, 401820653, 401820668, 401820690]",103.02827001417788,100.85398821306585,0.5099503546150347,0.5477221226447655,0.3136434294790716,0.3709008143434382,95.62982462021432,113.34731059254808,-0.0466291733057738,"[401817529, 401817531, 401823638, 401817534, 401820638, 401820661, 401820677, 401820689]","[401817527, 401817528, 401817530, 401817532, 401817533, 401806370, 401817535, 401817536, 401817537, 401820649, 401820656, 401820683]",110.58892451299344,104.79968293651802,0.5272543944406625,0.5700046542371173,0.4524223387223824,0.3292515560941212,97.8733388776686,114.0086459156442,-0.1557813597120024,-17.717485972333762,-16.135307037975593,-0.0466291733057738,-0.1557813597120024,-9.607142857142858
Clemson Tigers,Duke Blue Devils,"[401817230, 401817234, 401817235, 401820644, 401820650, 401820666, 401820681]","[401817228, 401817229, 401817231, 401817232, 401813377, 401817233, 401806364, 401817236, 401817237, 401820636, 401820657, 401820689]",121.7638743357702,92.54713635039452,0.5770491345813442,0.6147802484146965,0.4569973362455592,0.4362558889835238,105.58621368218492,108.62733623372192,-0.0437445876397648,"[401812919, 401831230, 401806376, 401812923, 401820640, 401820647, 401820662, 401820690]","[401812916, 401812917, 401812918, 401812920, 401809308, 401827173, 401812924, 401812925, 401812926, 401820652, 401820667, 401820676, 401820685]",113.91019827575836,96.50895627232934,0.5373285711982928,0.5772246648067425,0.4240408696494376,0.3820829599176122,102.04124659821426,111.694526672935,-0.1305101403513524,-3.0411225515370006,-9.65328007472074,-0.0437445876397648,-0.1305101403513524,-5.722222222222221
Georgia Tech Yellow Jackets,Notre Dame Fighting Irish,"[401817434, 401817436, 401831217, 401812254, 401820635, 401820642, 401820682, 401820687]","[401812350, 401817132, 401817433, 401817435, 401817437, 401806368, 401817438, 401817439, 401817440, 401820662, 401820670, 401820692]",108.11316144867152,103.90498525164293,0.520795833392808,0.5529550709218694,0.4156353467727348,0.335770010873713,96.07724363505078,115.20380626999344,-0.105820505912395,"[401826713, 401825573, 401830884, 401820636, 401820660, 401820678]","[401820296, 401820614, 401808950, 401826714, 401825386, 401806377, 401824865, 401813326, 401826755, 401826756, 401820645, 401820653, 401820668, 401820690]",103.02827001417788,100.85398821306585,0.5099503546150347,0.5477221226447655,0.3136434294790716,0.3709008143434382,95.62982462021432,113.34731059254808,-0.0466291733057738,-19.12656263494266,-17.717485972333762,-0.105820505912395,-0.0466291733057738,-13.666666666666668
California Golden Bears,Boston College Eagles,"[401817211, 401817213, 401820645, 401820659, 401820667, 401820692]","[401817212, 401812644, 401817214, 401809311, 401831228, 401812606, 401806378, 401817215, 401817216, 401812313, 401817217, 401820651, 401820674, 401820684]",99.93641010006344,99.067965449336,0.4704477171068348,0.5071364355664738,0.4369639361527307,0.3536120780678142,93.95265480649869,113.14238838800888,-0.0528781995748109,"[401817221, 401820654, 401820665, 401820695]","[401817218, 401817219, 401817220, 401817222, 401817223, 401813762, 401817224, 401817225, 401820295, 401817226, 401813282, 401817227, 401820634, 401820642, 401820666, 401820675]",112.43332950763032,100.2279106615814,0.5273025469016133,0.580980439863559,0.419071797612879,0.3824370684190584,97.82943883701566,114.372069184533,-0.1262293189310646,-19.189733581510197,-16.542630347517346,-0.0528781995748109,-0.1262293189310646,-15.106060606060606
Florida State Seminoles,Virginia Tech Hokies,"[401817522, 401830878, 401806372, 401820649, 401820671, 401820688, 401820691]","[401817517, 401817518, 401817519, 401817520, 401817521, 401830753, 401817523, 401817524, 401817525, 401817526, 401820641, 401820655, 401820665, 401820682]",113.0113080003948,103.20584698566611,0.5250185968690291,0.5693547684281504,0.3902084450984826,0.391656783387389,101.88389657645791,117.60398398148538,-0.1163135307364837,"[401826707, 401824813, 401813443, 401820639, 401820673, 401820686, 401820694]","[401826705, 401826706, 401826708, 401826709, 401823735, 401826710, 401806369, 401826711, 401826712, 401823350, 401820644, 401820658, 401820677]",108.0881141055545,107.49940138774907,0.5036481995090131,0.5434347071023173,0.5104473024083672,0.3356214834548127,98.34245638275904,121.30685952208268,-0.1459219227804836,-15.72008740502747,-22.964403139323636,-0.1163135307364837,-0.1459219227804836,-17.516666666666666
Pittsburgh Panthers,North Carolina Tar Heels,"[401806365, 401809307, 401820648, 401820672, 401820675, 401820697]","[401817262, 401817263, 401817264, 401817265, 401817266, 401817198, 401817267, 401817268, 401817269, 401817270, 401817271, 401820639, 401820661, 401820687]",117.56494624530042,99.49136630487948,0.5583096665368543,0.5893350529684807,0.4288561072619655,0.4140890435337458,103.34295197011905,114.62365634744684,-0.1467597847979774,"[401817444, 401817445, 401817449, 401817451, 401820637, 401820668, 401820684]","[401817441, 401817442, 401817443, 401809077, 401817446, 401817447, 401806367, 401817448, 401817450, 401820647, 401820663, 401820679, 401820693]",108.88588066695492,108.06438825230934,0.5177123766606156,0.5463753574579089,0.4105407446096065,0.3187310734774274,99.60353245843189,120.62955332926806,-0.1798997603578814,-11.280704377327794,-21.026020870836177,-0.1467597847979774,-0.1798997603578814,-25.65
SMU Mustangs,Syracuse Orange,"[401817481, 401817482, 401831216, 401820653, 401820663, 401820674]","[401817476, 401817477, 401817478, 401817479, 401806366, 401817480, 401817483, 401817484, 401817485, 401817486, 401820640, 401820673, 401820688, 401820696]",108.10260223401754,99.10846022524764,0.53234758230893,0.5615305229705392,0.3623421229507319,0.4032867477841929,98.50337875613558,116.0420676195878,-0.2238615285055724,"[401817459, 401806375, 401817461, 401820652, 401820657, 401820683]","[401817452, 401817453, 401817454, 401817455, 401817456, 401817457, 401817458, 401817460, 401817462, 401817463, 401820648, 401820671, 401820680, 401820694]",118.23609625116012,105.1148327088201,0.5554595735066987,0.5994678600034766,0.3414290004406374,0.3586930010854961,106.1790994703848,116.67990305674638,-0.1637376073691662,-17.538688863452222,-10.500803586361585,-0.2238615285055724,-0.1637376073691662,-6.205128205128205
Miami Hurricanes,NC State Wolfpack,"[401831198, 401831202, 401806373, 401820651, 401820658, 401820685, 401820693]","[401817252, 401817253, 401817254, 401817255, 401817256, 401817257, 401817258, 401817259, 401817260, 401817261, 401820638, 401820646, 401820678]",119.3094913816194,101.15270894998592,0.5621140086166329,0.6034688269152053,0.4453540056418791,0.3641635948523035,101.96623612710978,116.3460850251912,-0.2567678748368029,"[401809416, 401830887, 401806371, 401820656, 401820670, 401820676, 401820696]","[401809413, 401809414, 401809415, 401809417, 401809418, 401809419, 401809420, 401809421, 401809422, 401809423, 401820637, 401820660, 401820686]",117.54804521370872,97.51109845235206,0.5678564617974879,0.5998432520260935,0.3353097040437465,0.3787374277871443,100.40360289648372,115.7223326888482,-0.1734946484719848,-14.37984889808142,-15.31872979236448,-0.2567678748368029,-0.1734946484719848,-7.636363636363637
Stanford Cardinal,Wake Forest Demon Deacons,"[401817529, 401817531, 401823638, 401817534, 401820638, 401820661, 401820677, 401820689]","[401817527, 401817528, 401817530, 401817532, 401817533, 401806370, 401817535, 401817536, 401817537, 401820649, 401820656, 401820683]",110.58892451299344,104.79968293651802,0.5272543944406625,0.5700046542371173,0.4524223387223824,0.3292515560941212,97.8733388776686,114.0086459156442,-0.1557813597120024,"[401817469, 401830750, 401817472, 401817474, 401820655, 401820664]","[401817464, 401817465, 401817466, 401817467, 401817468, 401817470, 401817471, 401817473, 401817475, 401820635, 401820643, 401820672, 401820681, 401820695]",108.20866618033004,104.37991918076956,0.4987528282464291,0.5473072368598474,0.434635568969459,0.4347873937075461,97.5132894565206,115.9167728345723,0.0087638475852369,-16.135307037975593,-18.403483378051703,-0.1557813597120024,0.0087638475852369,-17.666666666666664
Baylor Bears,Louisville Cardinals,"[401817243, 401806374, 401817248, 401820634, 401820643, 401820679]","[401817239, 401817240, 401817241, 401817242, 401817244, 401817245, 401817246, 401817247, 401817249, 401820650, 401820659, 401820669, 401820691]",120.98419937567954,96.61387029571245,0.5656099856733844,0.6069684520348624,0.5374473809457839,0.3547948195978849,105.31908103992104,113.57524199160692,-0.248104883593033,"[401831219, 401819829, 401827597, 401827618, 401827624]","[401819823, 401819824, 401819825, 401819826, 401819827, 401819828, 401819830, 401819831, 401819832, 401819833, 401827605, 401827609, 401827632, 401827641]",118.90988905088642,106.9595100736434,0.5577207905996971,0.5952436317500802,0.3880537623414866,0.4032852005739447,96.81765654142085,119.9215029509452,-0.3207182984967023,-8.256160951685871,-23.10384640952435,-0.248104883593033,-0.3207182984967023,-19.516666666666666
Ohio State Buckeyes,Virginia Cavaliers,"[401806379, 401820641, 401820646, 401820669, 401820680]","[401812625, 401817487, 401817488, 401817489, 401817490, 401817491, 401817492, 401813441, 401817513, 401817514, 401817515, 401820654, 401820664, 401820697]",122.406587587166,98.53170554708863,0.5658240809267623,0.5967476440997305,0.4658395701792475,0.3710033045710557,103.9020499318442,110.4660646400051,-0.1322055617214957,"[401817447, 401825399, 401825413, 401825429, 401825437, 401825464]","[401823374, 401823392, 401826733, 401817434, 401827255, 401813401, 401825404, 401819921, 401809307, 401827093, 401825420, 401825449, 401825457]",117.87328378323244,104.13577626017444,0.5638644804953628,0.6089443591833235,0.4042842950515326,0.3832639247809093,99.23856199629164,116.99347880870856,-0.2218306817679435,-6.564014708160897,-17.754916812416923,-0.1322055617214957,-0.2218306817679435,-15.50909090909091
Syracuse Orange,Duke Blue Devils,"[401817230, 401817234, 401817235, 401820644, 401820650, 401820666, 401820681]","[401817228, 401817229, 401817231, 401817232, 401813377, 401817233, 401806364, 401817236, 401817237, 401820636, 401820657, 401820689]",121.7638743357702,92.54713635039452,0.5770491345813442,0.6147802484146965,0.4569973362455592,0.4362558889835238,105.58621368218492,108.62733623372192,-0.0437445876397648,"[401817481, 401817482, 401831216, 401820653, 401820663, 401820674]","[401817476, 401817477, 401817478, 401817479, 401806366, 401817480, 401817483, 401817484, 401817485, 401817486, 401820640, 401820673, 401820688, 401820696]",108.10260223401754,99.10846022524764,0.53234758230893,0.5615305229705392,0.3623421229507319,0.4032867477841929,98.50337875613558,116.0420676195878,-0.2238615285055724,-3.0411225515370006,-17.538688863452222,-0.0437445876397648,-0.2238615285055724,-5.722222222222221
Boston College Eagles,Florida State Seminoles,"[401826707, 401824813, 401813443, 401820639, 401820673, 401820686, 401820694]","[401826705, 401826706, 401826708, 401826709, 401823735, 401826710, 401806369, 401826711, 401826712, 401823350, 401820644, 401820658, 401820677]",108.0881141055545,107.49940138774907,0.5036481995090131,0.5434347071023173,0.5104473024083672,0.3356214834548127,98.34245638275904,121.30685952208268,-0.1459219227804836,"[401817211, 401817213, 401820645, 401820659, 401820667, 401820692]","[401817212, 401812644, 401817214, 401809311, 401831228, 401812606, 401806378, 401817215, 401817216, 401812313, 401817217, 401820651, 401820674, 401820684]",99.93641010006344,99.067965449336,0.4704477171068348,0.5071364355664738,0.4369639361527307,0.3536120780678142,93.95265480649869,113.14238838800888,-0.0528781995748109,-22.964403139323636,-19.189733581510197,-0.1459219227804836,-0.0528781995748109,-20.21212121212121
North Carolina Tar Heels,NC State Wolfpack,"[401831198, 401831202, 401806373, 401820651, 401820658, 401820685, 401820693]","[401817252, 401817253, 401817254, 401817255, 401817256, 401817257, 401817258, 401817259, 401817260, 401817261, 401820638, 401820646, 401820678]",119.3094913816194,101.15270894998592,0.5621140086166329,0.6034688269152053,0.4453540056418791,0.3641635948523035,101.96623612710978,116.3460850251912,-0.2567678748368029,"[401806365, 401809307, 401820648, 401820672, 401820675, 401820697]","[401817262, 401817263, 401817264, 401817265, 401817266, 401817198, 401817267, 401817268, 401817269, 401817270, 401817271, 401820639, 401820661, 401820687]",117.56494624530042,99.49136630487948,0.5583096665368543,0.5893350529684807,0.4288561072619655,0.4140890435337458,103.34295197011905,114.62365634744684,-0.1467597847979774,-14.37984889808142,-11.280704377327794,-0.2567678748368029,-0.1467597847979774,-7.636363636363637
Louisville Cardinals,SMU Mustangs,"[401817459, 401806375, 401817461, 401820652, 401820657, 401820683]","[401817452, 401817453, 401817454, 401817455, 401817456, 401817457, 401817458, 401817460, 401817462, 401817463, 401820648, 401820671, 401820680, 401820694]",118.23609625116012,105.1148327088201,0.5554595735066987,0.5994678600034766,0.3414290004406374,0.3586930010854961,106.1790994703848,116.67990305674638,-0.1637376073691662,"[401817243, 401806374, 401817248, 401820634, 401820643, 401820679]","[401817239, 401817240, 401817241, 401817242, 401817244, 401817245, 401817246, 401817247, 401817249, 401820650, 401820659, 401820669, 401820691]",120.98419937567954,96.61387029571245,0.5656099856733844,0.6069684520348624,0.5374473809457839,0.3547948195978849,105.31908103992104,113.57524199160692,-0.248104883593033,-10.500803586361585,-8.256160951685871,-0.1637376073691662,-0.248104883593033,-19.015384615384615
Virginia Tech Hokies,Miami Hurricanes,"[401809416, 401830887, 401806371, 401820656, 401820670, 401820676, 401820696]","[401809413, 401809414, 401809415, 401809417, 401809418, 401809419, 401809420, 401809421, 401809422, 401809423, 401820637, 401820660, 401820686]",117.54804521370872,97.51109845235206,0.5678564617974879,0.5998432520260935,0.3353097040437465,0.3787374277871443,100.40360289648372,115.7223326888482,-0.1734946484719848,"[401817522, 401830878, 401806372, 401820649, 401820671, 401820688, 401820691]","[401817517, 401817518, 401817519, 401817520, 401817521, 401830753, 401817523, 401817524, 401817525, 401817526, 401820641, 401820655, 401820665, 401820682]",113.0113080003948,103.20584698566611,0.5250185968690291,0.5693547684281504,0.3902084450984826,0.391656783387389,101.88389657645791,117.60398398148538,-0.1163135307364837,-15.31872979236448,-15.72008740502747,-0.1734946484719848,-0.1163135307364837,-20.2
Clemson Tigers,Wake Forest Demon Deacons,"[401817529, 401817531, 401823638, 401817534, 401820638, 401820661, 401820677, 401820689]","[401817527, 401817528, 401817530, 401817532, 401817533, 401806370, 401817535, 401817536, 401817537, 401820649, 401820656, 401820683]",110.58892451299344,104.79968293651802,0.5272543944406625,0.5700046542371173,0.4524223387223824,0.3292515560941212,97.8733388776686,114.0086459156442,-0.1557813597120024,"[401812919, 401831230, 401806376, 401812923, 401820640, 401820647, 401820662, 401820690]","[401812916, 401812917, 401812918, 401812920, 401809308, 401827173, 401812924, 401812925, 401812926, 401820652, 401820667, 401820676, 401820685]",113.91019827575836,96.50895627232934,0.5373285711982928,0.5772246648067425,0.4240408696494376,0.3820829599176122,102.04124659821426,111.694526672935,-0.1305101403513524,-16.135307037975593,-9.65328007472074,-0.1557813597120024,-0.1305101403513524,-17.666666666666664
Virginia Cavaliers,Georgia Tech Yellow Jackets,"[401826713, 401825573, 401830884, 401820636, 401820660, 401820678]","[401820296, 401820614, 401808950, 401826714, 401825386, 401806377, 401824865, 401813326, 401826755, 401826756, 401820645, 401820653, 401820668, 401820690]",103.02827001417788,100.85398821306585,0.5099503546150347,0.5477221226447655,0.3136434294790716,0.3709008143434382,95.62982462021432,113.34731059254808,-0.0466291733057738,"[401806379, 401820641, 401820646, 401820669, 401820680]","[401812625, 401817487, 401817488, 401817489, 401817490, 401817491, 401817492, 401813441, 401817513, 401817514, 401817515, 401820654, 401820664, 401820697]",122.406587587166,98.53170554708863,0.5658240809267623,0.5967476440997305,0.4658395701792475,0.3710033045710557,103.9020499318442,110.4660646400051,-0.1322055617214957,-17.717485972333762,-6.564014708160897,-0.0466291733057738,-0.1322055617214957,-9.607142857142858
Wake Forest Demon Deacons,Virginia Tech Hokies,"[401817522, 401830878, 401806372, 401820649, 401820671, 401820688, 401820691]","[401817517, 401817518, 401817519, 401817520, 401817521, 401830753, 401817523, 401817524, 401817525, 401817526, 401820641, 401820655, 401820665, 401820682]",113.0113080003948,103.20584698566611,0.5250185968690291,0.5693547684281504,0.3902084450984826,0.391656783387389,101.88389657645791,117.60398398148538,-0.1163135307364837,"[401817529, 401817531, 401823638, 401817534, 401820638, 401820661, 401820677, 401820689]","[401817527, 401817528, 401817530, 401817532, 401817533, 401806370, 401817535, 401817536, 401817537, 401820649, 401820656, 401820683]",110.58892451299344,104.79968293651802,0.5272543944406625,0.5700046542371173,0.4524223387223824,0.3292515560941212,97.8733388776686,114.0086459156442,-0.1557813597120024,-15.72008740502747,-16.135307037975593,-0.1163135307364837,-0.1557813597120024,-17.516666666666666
Florida State Seminoles,Clemson Tigers,"[401812919, 401831230, 401806376, 401812923, 401820640, 401820647, 401820662, 401820690]","[401812916, 401812917, 401812918, 401812920, 401809308, 401827173, 401812924, 401812925, 401812926, 401820652, 401820667, 401820676, 401820685]",113.91019827575836,96.50895627232934,0.5373285711982928,0.5772246648067425,0.4240408696494376,0.3820829599176122,102.04124659821426,111.694526672935,-0.1305101403513524,"[401826707, 401824813, 401813443, 401820639, 401820673, 401820686, 401820694]","[401826705, 401826706, 401826708, 401826709, 401823735, 401826710, 401806369, 401826711, 401826712, 401823350, 401820644, 401820658, 401820677]",108.0881141055545,107.49940138774907,0.5036481995090131,0.5434347071023173,0.5104473024083672,0.3356214834548127,98.34245638275904,121.30685952208268,-0.1459219227804836,-9.65328007472074,-22.964403139323636,-0.1305101403513524,-0.1459219227804836,-15.575757575757578
North Carolina Tar Heels,Syracuse Orange,"[401817481, 401817482, 401831216, 401820653, 401820663, 401820674]","[401817476, 401817477, 401817478, 401817479, 401806366, 401817480, 401817483, 401817484, 401817485, 401817486, 401820640, 401820673, 401820688, 401820696]",108.10260223401754,99.10846022524764,0.53234758230893,0.5615305229705392,0.3623421229507319,0.4032867477841929,98.50337875613558,116.0420676195878,-0.2238615285055724,"[401806365, 401809307, 401820648, 401820672, 401820675, 401820697]","[401817262, 401817263, 401817264, 401817265, 401817266, 401817198, 401817267, 401817268, 401817269, 401817270, 401817271, 401820639, 401820661, 401820687]",117.56494624530042,99.49136630487948,0.5583096665368543,0.5893350529684807,0.4288561072619655,0.4140890435337458,103.34295197011905,114.62365634744684,-0.1467597847979774,-17.538688863452222,-11.280704377327794,-0.2238615285055724,-0.1467597847979774,-6.205128205128205
Notre Dame Fighting Irish,Pittsburgh Panthers,"[401817444, 401817445, 401817449, 401817451, 401820637, 401820668, 401820684]","[401817441, 401817442, 401817443, 401809077, 401817446, 401817447, 401806367, 401817448, 401817450, 401820647, 401820663, 401820679, 401820693]",108.88588066695492,108.06438825230934,0.5177123766606156,0.5463753574579089,0.4105407446096065,0.3187310734774274,99.60353245843189,120.62955332926806,-0.1798997603578814,"[401817434, 401817436, 401831217, 401812254, 401820635, 401820642, 401820682, 401820687]","[401812350, 401817132, 401817433, 401817435, 401817437, 401806368, 401817438, 401817439, 401817440, 401820662, 401820670, 401820692]",108.11316144867152,103.90498525164293,0.520795833392808,0.5529550709218694,0.4156353467727348,0.335770010873713,96.07724363505078,115.20380626999344,-0.105820505912395,-21.026020870836177,-19.12656263494266,-0.1798997603578814,-0.105820505912395,-7.784615384615385
Miami Hurricanes,Virginia Cavaliers,"[401806379, 401820641, 401820646, 401820669, 401820680]","[401812625, 401817487, 401817488, 401817489, 401817490, 401817491, 401817492, 401813441, 401817513, 401817514, 401817515, 401820654, 401820664, 401820697]",122.406587587166,98.53170554708863,0.5658240809267623,0.5967476440997305,0.4658395701792475,0.3710033045710557,103.9020499318442,110.4660646400051,-0.1322055617214957,"[401809416, 401830887, 401806371, 401820656, 401820670, 401820676, 401820696]","[401809413, 401809414, 401809415, 401809417, 401809418, 401809419, 401809420, 401809421, 401809422, 401809423, 401820637, 401820660, 401820686]",117.54804521370872,97.51109845235206,0.5678564617974879,0.5998432520260935,0.3353097040437465,0.3787374277871443,100.40360289648372,115.7223326888482,-0.1734946484719848,-6.564014708160897,-15.31872979236448,-0.1322055617214957,-0.1734946484719848,-15.50909090909091
Georgia Tech Yellow Jackets,Louisville Cardinals,"[401817243, 401806374, 401817248, 401820634, 401820643, 401820679]","[401817239, 401817240, 401817241, 401817242, 401817244, 401817245, 401817246, 401817247, 401817249, 401820650, 401820659, 401820669, 401820691]",120.98419937567954,96.61387029571245,0.5656099856733844,0.6069684520348624,0.5374473809457839,0.3547948195978849,105.31908103992104,113.57524199160692,-0.248104883593033,"[401826713, 401825573, 401830884, 401820636, 401820660, 401820678]","[401820296, 401820614, 401808950, 401826714, 401825386, 401806377, 401824865, 401813326, 401826755, 401826756, 401820645, 401820653, 401820668, 401820690]",103.02827001417788,100.85398821306585,0.5099503546150347,0.5477221226447655,0.3136434294790716,0.3709008143434382,95.62982462021432,113.34731059254808,-0.0466291733057738,-8.256160951685871,-17.717485972333762,-0.248104883593033,-0.0466291733057738,-19.516666666666666
Boston College Eagles,SMU Mustangs,"[401817459, 401806375, 401817461, 401820652, 401820657, 401820683]","[401817452, 401817453, 401817454, 401817455, 401817456, 401817457, 401817458, 401817460, 401817462, 401817463, 401820648, 401820671, 401820680, 401820694]",118.23609625116012,105.1148327088201,0.5554595735066987,0.5994678600034766,0.3414290004406374,0.3586930010854961,106.1790994703848,116.67990305674638,-0.1637376073691662,"[401817211, 401817213, 401820645, 401820659, 401820667, 401820692]","[401817212, 401812644, 401817214, 401809311, 401831228, 401812606, 401806378, 401817215, 401817216, 401812313, 401817217, 401820651, 401820674, 401820684]",99.93641010006344,99.067965449336,0.4704477171068348,0.5071364355664738,0.4369639361527307,0.3536120780678142,93.95265480649869,113.14238838800888,-0.0528781995748109,-10.500803586361585,-19.189733581510197,-0.1637376073691662,-0.0528781995748109,-19.015384615384615
Stanford Cardinal,California Golden Bears,"[401817221, 401820654, 401820665, 401820695]","[401817218, 401817219, 401817220, 401817222, 401817223, 401813762, 401817224, 401817225, 401820295, 401817226, 401813282, 401817227, 401820634, 401820642, 401820666, 401820675]",112.43332950763032,100.2279106615814,0.5273025469016133,0.580980439863559,0.419071797612879,0.3824370684190584,97.82943883701566,114.372069184533,-0.1262293189310646,"[401817469, 401830750, 401817472, 401817474, 401820655, 401820664]","[401817464, 401817465, 401817466, 401817467, 401817468, 401817470, 401817471, 401817473, 401817475, 401820635, 401820643, 401820672, 401820681, 401820695]",108.20866618033004,104.37991918076956,0.4987528282464291,0.5473072368598474,0.434635568969459,0.4347873937075461,97.5132894565206,115.9167728345723,0.0087638475852369,-16.542630347517346,-18.403483378051703,-0.1262293189310646,0.0087638475852369,-16.5
Michigan Wolverines,Duke Blue Devils,"[401817230, 401817234, 401817235, 401820644, 401820650, 401820666, 401820681]","[401817228, 401817229, 401817231, 401817232, 401813377, 401817233, 401806364, 401817236, 401817237, 401820636, 401820657, 401820689]",121.7638743357702,92.54713635039452,0.5770491345813442,0.6147802484146965,0.4569973362455592,0.4362558889835238,105.58621368218492,108.62733623372192,-0.0437445876397648,"[401812252, 401825408, 401825423, 401825445, 401825450]","[401826083, 401817529, 401822996, 401823764, 401823479, 401831214, 401825400, 401823566, 401822185, 401826084, 401825411, 401825432, 401825456, 401825464]",121.44153656559504,91.4806356397244,0.5913748906180896,0.6271086464165059,0.4289387978928068,0.4231915901664962,99.6303799550077,109.84978000315562,-0.0477044748371954,-3.0411225515370006,-10.219400048147918,-0.0437445876397648,-0.0477044748371954,-5.722222222222221
Louisville Cardinals,North Carolina Tar Heels,"[401806365, 401809307, 401820648, 401820672, 401820675, 401820697]","[401817262, 401817263, 401817264, 401817265, 401817266, 401817198, 401817267, 401817268, 401817269, 401817270, 401817271, 401820639, 401820661, 401820687]",117.56494624530042,99.49136630487948,0.5583096665368543,0.5893350529684807,0.4288561072619655,0.4140890435337458,103.34295197011905,114.62365634744684,-0.1467597847979774,"[401817243, 401806374, 401817248, 401820634, 401820643, 401820679]","[401817239, 401817240, 401817241, 401817242, 401817244, 401817245, 401817246, 401817247, 401817249, 401820650, 401820659, 401820669, 401820691]",120.98419937567954,96.61387029571245,0.5656099856733844,0.6069684520348624,0.5374473809457839,0.3547948195978849,105.31908103992104,113.57524199160692,-0.248104883593033,-11.280704377327794,-8.256160951685871,-0.1467597847979774,-0.248104883593033,-25.65
Duke Blue Devils,Notre Dame Fighting Irish,"[401817434, 401817436, 401831217, 401812254, 401820635, 401820642, 401820682, 401820687]","[401812350, 401817132, 401817433, 401817435, 401817437, 401806368, 401817438, 401817439, 401817440, 401820662, 401820670, 401820692]",108.11316144867152,103.90498525164293,0.520795833392808,0.5529550709218694,0.4156353467727348,0.335770010873713,96.07724363505078,115.20380626999344,-0.105820505912395,"[401817230, 401817234, 401817235, 401820644, 401820650, 401820666, 401820681]","[401817228, 401817229, 401817231, 401817232, 401813377, 401817233, 401806364, 401817236, 401817237, 401820636, 401820657, 401820689]",121.7638743357702,92.54713635039452,0.5770491345813442,0.6147802484146965,0.4569973362455592,0.4362558889835238,105.58621368218492,108.62733623372192,-0.0437445876397648,-19.12656263494266,-3.0411225515370006,-0.105820505912395,-0.0437445876397648,-13.666666666666668
Wake Forest Demon Deacons,Boston College Eagles,"[401817211, 401817213, 401820645, 401820659, 401820667, 401820692]","[401817212, 401812644, 401817214, 401809311, 401831228, 401812606, 401806378, 401817215, 401817216, 401812313, 401817217, 401820651, 401820674, 401820684]",99.93641010006344,99.067965449336,0.4704477171068348,0.5071364355664738,0.4369639361527307,0.3536120780678142,93.95265480649869,113.14238838800888,-0.0528781995748109,"[401817529, 401817531, 401823638, 401817534, 401820638, 401820661, 401820677, 401820689]","[401817527, 401817528, 401817530, 401817532, 401817533, 401806370, 401817535, 401817536, 401817537, 401820649, 401820656, 401820683]",110.58892451299344,104.79968293651802,0.5272543944406625,0.5700046542371173,0.4524223387223824,0.3292515560941212,97.8733388776686,114.0086459156442,-0.1557813597120024,-19.189733581510197,-16.135307037975593,-0.0528781995748109,-0.1557813597120024,-15.106060606060606
NC State Wolfpack,Virginia Cavaliers,"[401806379, 401820641, 401820646, 401820669, 401820680]","[401812625, 401817487, 401817488, 401817489, 401817490, 401817491, 401817492, 401813441, 401817513, 401817514, 401817515, 401820654, 401820664, 401820697]",122.406587587166,98.53170554708863,0.5658240809267623,0.5967476440997305,0.4658395701792475,0.3710033045710557,103.9020499318442,110.4660646400051,-0.1322055617214957,"[401831198, 401831202, 401806373, 401820651, 401820658, 401820685, 401820693]","[401817252, 401817253, 401817254, 401817255, 401817256, 401817257, 401817258, 401817259, 401817260, 401817261, 401820638, 401820646, 401820678]",119.3094913816194,101.15270894998592,0.5621140086166329,0.6034688269152053,0.4453540056418791,0.3641635948523035,101.96623612710978,116.3460850251912,-0.2567678748368029,-6.564014708160897,-14.37984889808142,-0.1322055617214957,-0.2567678748368029,-15.50909090909091
Miami Hurricanes,Florida State Seminoles,"[401826707, 401824813, 401813443, 401820639, 401820673, 401820686, 401820694]","[401826705, 401826706, 401826708, 401826709, 401823735, 401826710, 401806369, 401826711, 401826712, 401823350, 401820644, 401820658, 401820677]",108.0881141055545,107.49940138774907,0.5036481995090131,0.5434347071023173,0.5104473024083672,0.3356214834548127,98.34245638275904,121.30685952208268,-0.1459219227804836,"[401809416, 401830887, 401806371, 401820656, 401820670, 401820676, 401820696]","[401809413, 401809414, 401809415, 401809417, 401809418, 401809419, 401809420, 401809421, 401809422, 401809423, 401820637, 401820660, 401820686]",117.54804521370872,97.51109845235206,0.5678564617974879,0.5998432520260935,0.3353097040437465,0.3787374277871443,100.40360289648372,115.7223326888482,-0.1734946484719848,-22.964403139323636,-15.31872979236448,-0.1459219227804836,-0.1734946484719848,-20.21212121212121
Pittsburgh Panthers,Stanford Cardinal,"[401817469, 401830750, 401817472, 401817474, 401820655, 401820664]","[401817464, 401817465, 401817466, 401817467, 401817468, 401817470, 401817471, 401817473, 401817475, 401820635, 401820643, 401820672, 401820681, 401820695]",108.20866618033004,104.37991918076956,0.4987528282464291,0.5473072368598474,0.434635568969459,0.4347873937075461,97.5132894565206,115.9167728345723,0.0087638475852369,"[401817444, 401817445, 401817449, 401817451, 401820637, 401820668, 401820684]","[401817441, 401817442, 401817443, 401809077, 401817446, 401817447, 401806367, 401817448, 401817450, 401820647, 401820663, 401820679, 401820693]",108.88588066695492,108.06438825230934,0.5177123766606156,0.5463753574579089,0.4105407446096065,0.3187310734774274,99.60353245843189,120.62955332926806,-0.1798997603578814,-18.403483378051703,-21.026020870836177,0.0087638475852369,-0.1798997603578814,-8.047619047619047
SMU Mustangs,California Golden Bears,"[401817221, 401820654, 401820665, 401820695]","[401817218, 401817219, 401817220, 401817222, 401817223, 401813762, 401817224, 401817225, 401820295, 401817226, 401813282, 401817227, 401820634, 401820642, 401820666, 401820675]",112.43332950763032,100.2279106615814,0.5273025469016133,0.580980439863559,0.419071797612879,0.3824370684190584,97.82943883701566,114.372069184533,-0.1262293189310646,"[401817459, 401806375, 401817461, 401820652, 401820657, 401820683]","[401817452, 401817453, 401817454, 401817455, 401817456, 401817457, 401817458, 401817460, 401817462, 401817463, 401820648, 401820671, 401820680, 401820694]",118.23609625116012,105.1148327088201,0.5554595735066987,0.5994678600034766,0.3414290004406374,0.3586930010854961,106.1790994703848,116.67990305674638,-0.1637376073691662,-16.542630347517346,-10.500803586361585,-0.1262293189310646,-0.1637376073691662,-16.5
Virginia Cavaliers,Duke Blue Devils,"[401817230, 401817234, 401817235, 401820644, 401820650, 401820666, 401820681]","[401817228, 401817229, 401817231, 401817232, 401813377, 401817233, 401806364, 401817236, 401817237, 401820636, 401820657, 401820689]",121.7638743357702,92.54713635039452,0.5770491345813442,0.6147802484146965,0.4569973362455592,0.4362558889835238,105.58621368218492,108.62733623372192,-0.0437445876397648,"[401806379, 401820641, 401820646, 401820669, 401820680]","[401812625, 401817487, 401817488, 401817489, 401817490, 401817491, 401817492, 401813441, 401817513, 401817514, 401817515, 401820654, 401820664, 401820697]",122.406587587166,98.53170554708863,0.5658240809267623,0.5967476440997305,0.4658395701792475,0.3710033045710557,103.9020499318442,110.4660646400051,-0.1322055617214957,-3.0411225515370006,-6.564014708160897,-0.0437445876397648,-0.1322055617214957,-5.722222222222221
Florida State Seminoles,Georgia Tech Yellow Jackets,"[401826713, 401825573, 401830884, 401820636, 401820660, 401820678]","[401820296, 401820614, 401808950, 401826714, 401825386, 401806377, 401824865, 401813326, 401826755, 401826756, 401820645, 401820653, 401820668, 401820690]",103.02827001417788,100.85398821306585,0.5099503546150347,0.5477221226447655,0.3136434294790716,0.3709008143434382,95.62982462021432,113.34731059254808,-0.0466291733057738,"[401826707, 401824813, 401813443, 401820639, 401820673, 401820686, 401820694]","[401826705, 401826706, 401826708, 401826709, 401823735, 401826710, 401806369, 401826711, 401826712, 401823350, 401820644, 401820658, 401820677]",108.0881141055545,107.49940138774907,0.5036481995090131,0.5434347071023173,0.5104473024083672,0.3356214834548127,98.34245638275904,121.30685952208268,-0.1459219227804836,-17.717485972333762,-22.964403139323636,-0.0466291733057738,-0.1459219227804836,-9.607142857142858
NC State Wolfpack,Notre Dame Fighting Irish,"[401817434, 401817436, 401831217, 401812254, 401820635, 401820642, 401820682, 401820687]","[401812350, 401817132, 401817433, 401817435, 401817437, 401806368, 401817438, 401817439, 401817440, 401820662, 401820670, 401820692]",108.11316144867152,103.90498525164293,0.520795833392808,0.5529550709218694,0.4156353467727348,0.335770010873713,96.07724363505078,115.20380626999344,-0.105820505912395,"[401831198, 401831202, 401806373, 401820651, 401820658, 401820685, 401820693]","[401817252, 401817253, 401817254, 401817255, 401817256, 401817257, 401817258, 401817259, 401817260, 401817261, 401820638, 401820646, 401820678]",119.3094913816194,101.15270894998592,0.5621140086166329,0.6034688269152053,0.4453540056418791,0.3641635948523035,101.96623612710978,116.3460850251912,-0.2567678748368029,-19.12656263494266,-14.37984889808142,-0.105820505912395,-0.2567678748368029,-13.666666666666668
Boston College Eagles,Miami Hurricanes,"[401809416, 401830887, 401806371, 401820656, 401820670, 401820676, 401820696]","[401809413, 401809414, 401809415, 401809417, 401809418, 401809419, 401809420, 401809421, 401809422, 401809423, 401820637, 401820660, 401820686]",117.54804521370872,97.51109845235206,0.5678564617974879,0.5998432520260935,0.3353097040437465,0.3787374277871443,100.40360289648372,115.7223326888482,-0.1734946484719848,"[401817211, 401817213, 401820645, 401820659, 401820667, 401820692]","[401817212, 401812644, 401817214, 401809311, 401831228, 401812606, 401806378, 401817215, 401817216, 401812313, 401817217, 401820651, 401820674, 401820684]",99.93641010006344,99.067965449336,0.4704477171068348,0.5071364355664738,0.4369639361527307,0.3536120780678142,93.95265480649869,113.14238838800888,-0.0528781995748109,-15.31872979236448,-19.189733581510197,-0.1734946484719848,-0.0528781995748109,-20.2
Pittsburgh Panthers,California Golden Bears,"[401817221, 401820654, 401820665, 401820695]","[401817218, 401817219, 401817220, 401817222, 401817223, 401813762, 401817224, 401817225, 401820295, 401817226, 401813282, 401817227, 401820634, 401820642, 401820666, 401820675]",112.43332950763032,100.2279106615814,0.5273025469016133,0.580980439863559,0.419071797612879,0.3824370684190584,97.82943883701566,114.372069184533,-0.1262293189310646,"[401817444, 401817445, 401817449, 401817451, 401820637, 401820668, 401820684]","[401817441, 401817442, 401817443, 401809077, 401817446, 401817447, 401806367, 401817448, 401817450, 401820647, 401820663, 401820679, 401820693]",108.88588066695492,108.06438825230934,0.5177123766606156,0.5463753574579089,0.4105407446096065,0.3187310734774274,99.60353245843189,120.62955332926806,-0.1798997603578814,-16.542630347517346,-21.026020870836177,-0.1262293189310646,-0.1798997603578814,-16.5
Syracuse Orange,Wake Forest Demon Deacons,"[401817529, 401817531, 401823638, 401817534, 401820638, 401820661, 401820677, 401820689]","[401817527, 401817528, 401817530, 401817532, 401817533, 401806370, 401817535, 401817536, 401817537, 401820649, 401820656, 401820683]",110.58892451299344,104.79968293651802,0.5272543944406625,0.5700046542371173,0.4524223387223824,0.3292515560941212,97.8733388776686,114.0086459156442,-0.1557813597120024,"[401817481, 401817482, 401831216, 401820653, 401820663, 401820674]","[401817476, 401817477, 401817478, 401817479, 401806366, 401817480, 401817483, 401817484, 401817485, 401817486, 401820640, 401820673, 401820688, 401820696]",108.10260223401754,99.10846022524764,0.53234758230893,0.5615305229705392,0.3623421229507319,0.4032867477841929,98.50337875613558,116.0420676195878,-0.2238615285055724,-16.135307037975593,-17.538688863452222,-0.1557813597120024,-0.2238615285055724,-17.666666666666664
SMU Mustangs,Stanford Cardinal,"[401817469, 401830750, 401817472, 401817474, 401820655, 401820664]","[401817464, 401817465, 401817466, 401817467, 401817468, 401817470, 401817471, 401817473, 401817475, 401820635, 401820643, 401820672, 401820681, 401820695]",108.20866618033004,104.37991918076956,0.4987528282464291,0.5473072368598474,0.434635568969459,0.4347873937075461,97.5132894565206,115.9167728345723,0.0087638475852369,"[401817459, 401806375, 401817461, 401820652, 401820657, 401820683]","[401817452, 401817453, 401817454, 401817455, 401817456, 401817457, 401817458, 401817460, 401817462, 401817463, 401820648, 401820671, 401820680, 401820694]",118.23609625116012,105.1148327088201,0.5554595735066987,0.5994678600034766,0.3414290004406374,0.3586930010854961,106.1790994703848,116.67990305674638,-0.1637376073691662,-18.403483378051703,-10.500803586361585,0.0087638475852369,-0.1637376073691662,-8.047619047619047
Louisville Cardinals,Clemson Tigers,"[401812919, 401831230, 401806376, 401812923, 401820640, 401820647, 401820662, 401820690]","[401812916, 401812917, 401812918, 401812920, 401809308, 401827173, 401812924, 401812925, 401812926, 401820652, 401820667, 401820676, 401820685]",113.91019827575836,96.50895627232934,0.5373285711982928,0.5772246648067425,0.4240408696494376,0.3820829599176122,102.04124659821426,111.694526672935,-0.1305101403513524,"[401817243, 401806374, 401817248, 401820634, 401820643, 401820679]","[401817239, 401817240, 401817241, 401817242, 401817244, 401817245, 401817246, 401817247, 401817249, 401820650, 401820659, 401820669, 401820691]",120.98419937567954,96.61387029571245,0.5656099856733844,0.6069684520348624,0.5374473809457839,0.3547948195978849,105.31908103992104,113.57524199160692,-0.248104883593033,-9.65328007472074,-8.256160951685871,-0.1305101403513524,-0.248104883593033,-15.575757575757578
Virginia Tech Hokies,North Carolina Tar Heels,"[401806365, 401809307, 401820648, 401820672, 401820675, 401820697]","[401817262, 401817263, 401817264, 401817265, 401817266, 401817198, 401817267, 401817268, 401817269, 401817270, 401817271, 401820639, 401820661, 401820687]",117.56494624530042,99.49136630487948,0.5583096665368543,0.5893350529684807,0.4288561072619655,0.4140890435337458,103.34295197011905,114.62365634744684,-0.1467597847979774,"[401817522, 401830878, 401806372, 401820649, 401820671, 401820688, 401820691]","[401817517, 401817518, 401817519, 401817520, 401817521, 401830753, 401817523, 401817524, 401817525, 401817526, 401820641, 401820655, 401820665, 401820682]",113.0113080003948,103.20584698566611,0.5250185968690291,0.5693547684281504,0.3902084450984826,0.391656783387389,101.88389657645791,117.60398398148538,-0.1163135307364837,-11.280704377327794,-15.72008740502747,-0.1467597847979774,-0.1163135307364837,-25.65
Duke Blue Devils,NC State Wolfpack,"[401831198, 401831202, 401806373, 401820651, 401820658, 401820685, 401820693]","[401817252, 401817253, 401817254, 401817255, 401817256, 401817257, 401817258, 401817259, 401817260, 401817261, 401820638, 401820646, 401820678]",119.3094913816194,101.15270894998592,0.5621140086166329,0.6034688269152053,0.4453540056418791,0.3641635948523035,101.96623612710978,116.3460850251912,-0.2567678748368029,"[401817230, 401817234, 401817235, 401820644, 401820650, 401820666, 401820681]","[401817228, 401817229, 401817231, 401817232, 401813377, 401817233, 401806364, 401817236, 401817237, 401820636, 401820657, 401820689]",121.7638743357702,92.54713635039452,0.5770491345813442,0.6147802484146965,0.4569973362455592,0.4362558889835238,105.58621368218492,108.62733623372192,-0.0437445876397648,-14.37984889808142,-3.0411225515370006,-0.2567678748368029,-0.0437445876397648,-7.636363636363637
Wake Forest Demon Deacons,Virginia Cavaliers,"[401806379, 401820641, 401820646, 401820669, 401820680]","[401812625, 401817487, 401817488, 401817489, 401817490, 401817491, 401817492, 401813441, 401817513, 401817514, 401817515, 401820654, 401820664, 401820697]",122.406587587166,98.53170554708863,0.5658240809267623,0.5967476440997305,0.4658395701792475,0.3710033045710557,103.9020499318442,110.4660646400051,-0.1322055617214957,"[401817529, 401817531, 401823638, 401817534, 401820638, 401820661, 401820677, 401820689]","[401817527, 401817528, 401817530, 401817532, 401817533, 401806370, 401817535, 401817536, 401817537, 401820649, 401820656, 401820683]",110.58892451299344,104.79968293651802,0.5272543944406625,0.5700046542371173,0.4524223387223824,0.3292515560941212,97.8733388776686,114.0086459156442,-0.1557813597120024,-6.564014708160897,-16.135307037975593,-0.1322055617214957,-0.1557813597120024,-15.50909090909091
Clemson Tigers,North Carolina Tar Heels,"[401806365, 401809307, 401820648, 401820672, 401820675, 401820697]","[401817262, 401817263, 401817264, 401817265, 401817266, 401817198, 401817267, 401817268, 401817269, 401817270, 401817271, 401820639, 401820661, 401820687]",117.56494624530042,99.49136630487948,0.5583096665368543,0.5893350529684807,0.4288561072619655,0.4140890435337458,103.34295197011905,114.62365634744684,-0.1467597847979774,"[401812919, 401831230, 401806376, 401812923, 401820640, 401820647, 401820662, 401820690]","[401812916, 401812917, 401812918, 401812920, 401809308, 401827173, 401812924, 401812925, 401812926, 401820652, 401820667, 401820676, 401820685]",113.91019827575836,96.50895627232934,0.5373285711982928,0.5772246648067425,0.4240408696494376,0.3820829599176122,102.04124659821426,111.694526672935,-0.1305101403513524,-11.280704377327794,-9.65328007472074,-0.1467597847979774,-0.1305101403513524,-25.65
Syracuse Orange,Louisville Cardinals,"[401817243, 401806374, 401817248, 401820634, 401820643, 401820679]","[401817239, 401817240, 401817241, 401817242, 401817244, 401817245, 401817246, 401817247, 401817249, 401820650, 401820659, 401820669, 401820691]",120.98419937567954,96.61387029571245,0.5656099856733844,0.6069684520348624,0.5374473809457839,0.3547948195978849,105.31908103992104,113.57524199160692,-0.248104883593033,"[401817481, 401817482, 401831216, 401820653, 401820663, 401820674]","[401817476, 401817477, 401817478, 401817479, 401806366, 401817480, 401817483, 401817484, 401817485, 401817486, 401820640, 401820673, 401820688, 401820696]",108.10260223401754,99.10846022524764,0.53234758230893,0.5615305229705392,0.3623421229507319,0.4032867477841929,98.50337875613558,116.0420676195878,-0.2238615285055724,-8.256160951685871,-17.538688863452222,-0.248104883593033,-0.2238615285055724,-19.516666666666666
Boston College Eagles,Virginia Tech Hokies,"[401817522, 401830878, 401806372, 401820649, 401820671, 401820688, 401820691]","[401817517, 401817518, 401817519, 401817520, 401817521, 401830753, 401817523, 401817524, 401817525, 401817526, 401820641, 401820655, 401820665, 401820682]",113.0113080003948,103.20584698566611,0.5250185968690291,0.5693547684281504,0.3902084450984826,0.391656783387389,101.88389657645791,117.60398398148538,-0.1163135307364837,"[401817211, 401817213, 401820645, 401820659, 401820667, 401820692]","[401817212, 401812644, 401817214, 401809311, 401831228, 401812606, 401806378, 401817215, 401817216, 401812313, 401817217, 401820651, 401820674, 401820684]",99.93641010006344,99.067965449336,0.4704477171068348,0.5071364355664738,0.4369639361527307,0.3536120780678142,93.95265480649869,113.14238838800888,-0.0528781995748109,-15.72008740502747,-19.189733581510197,-0.1163135307364837,-0.0528781995748109,-17.516666666666666
California Golden Bears,Georgia Tech Yellow Jackets,"[401826713, 401825573, 401830884, 401820636, 401820660, 401820678]","[401820296, 401820614, 401808950, 401826714, 401825386, 401806377, 401824865, 401813326, 401826755, 401826756, 401820645, 401820653, 401820668, 401820690]",103.02827001417788,100.85398821306585,0.5099503546150347,0.5477221226447655,0.3136434294790716,0.3709008143434382,95.62982462021432,113.34731059254808,-0.0466291733057738,"[401817221, 401820654, 401820665, 401820695]","[401817218, 401817219, 401817220, 401817222, 401817223, 401813762, 401817224, 401817225, 401820295, 401817226, 401813282, 401817227, 401820634, 401820642, 401820666, 401820675]",112.43332950763032,100.2279106615814,0.5273025469016133,0.580980439863559,0.419071797612879,0.3824370684190584,97.82943883701566,114.372069184533,-0.1262293189310646,-17.717485972333762,-16.542630347517346,-0.0466291733057738,-0.1262293189310646,-9.607142857142858
Miami Hurricanes,SMU Mustangs,"[401817459, 401806375, 401817461, 401820652, 401820657, 401820683]","[401817452, 401817453, 401817454, 401817455, 401817456, 401817457, 401817458, 401817460, 401817462, 401817463, 401820648, 401820671, 401820680, 401820694]",118.23609625116012,105.1148327088201,0.5554595735066987,0.5994678600034766,0.3414290004406374,0.3586930010854961,106.1790994703848,116.67990305674638,-0.1637376073691662,"[401809416, 401830887, 401806371, 401820656, 401820670, 401820676, 401820696]","[401809413, 401809414, 401809415, 401809417, 401809418, 401809419, 401809420, 401809421, 401809422, 401809423, 401820637, 401820660, 401820686]",117.54804521370872,97.51109845235206,0.5678564617974879,0.5998432520260935,0.3353097040437465,0.3787374277871443,100.40360289648372,115.7223326888482,-0.1734946484719848,-10.500803586361585,-15.31872979236448,-0.1637376073691662,-0.1734946484719848,-19.015384615384615
Stanford Cardinal,Notre Dame Fighting Irish,"[401817434, 401817436, 401831217, 401812254, 401820635, 401820642, 401820682, 401820687]","[401812350, 401817132, 401817433, 401817435, 401817437, 401806368, 401817438, 401817439, 401817440, 401820662, 401820670, 401820692]",108.11316144867152,103.90498525164293,0.520795833392808,0.5529550709218694,0.4156353467727348,0.335770010873713,96.07724363505078,115.20380626999344,-0.105820505912395,"[401817469, 401830750, 401817472, 401817474, 401820655, 401820664]","[401817464, 401817465, 401817466, 401817467, 401817468, 401817470, 401817471, 401817473, 401817475, 401820635, 401820643, 401820672, 401820681, 401820695]",108.20866618033004,104.37991918076956,0.4987528282464291,0.5473072368598474,0.434635568969459,0.4347873937075461,97.5132894565206,115.9167728345723,0.0087638475852369,-19.12656263494266,-18.403483378051703,-0.105820505912395,0.0087638475852369,-13.666666666666668
Florida State Seminoles,Pittsburgh Panthers,"[401817444, 401817445, 401817449, 401817451, 401820637, 401820668, 401820684]","[401817441, 401817442, 401817443, 401809077, 401817446, 401817447, 401806367, 401817448, 401817450, 401820647, 401820663, 401820679, 401820693]",108.88588066695492,108.06438825230934,0.5177123766606156,0.5463753574579089,0.4105407446096065,0.3187310734774274,99.60353245843189,120.62955332926806,-0.1798997603578814,"[401826707, 401824813, 401813443, 401820639, 401820673, 401820686, 401820694]","[401826705, 401826706, 401826708, 401826709, 401823735, 401826710, 401806369, 401826711, 401826712, 401823350, 401820644, 401820658, 401820677]",108.0881141055545,107.49940138774907,0.5036481995090131,0.5434347071023173,0.5104473024083672,0.3356214834548127,98.34245638275904,121.30685952208268,-0.1459219227804836,-21.026020870836177,-22.964403139323636,-0.1798997603578814,-0.1459219227804836,-7.784615384615385
Notre Dame Fighting Irish,Boston College Eagles,"[401817211, 401817213, 401820645, 401820659, 401820667, 401820692]","[401817212, 401812644, 401817214, 401809311, 401831228, 401812606, 401806378, 401817215, 401817216, 401812313, 401817217, 401820651, 401820674, 401820684]",99.93641010006344,99.067965449336,0.4704477171068348,0.5071364355664738,0.4369639361527307,0.3536120780678142,93.95265480649869,113.14238838800888,-0.0528781995748109,"[401817434, 401817436, 401831217, 401812254, 401820635, 401820642, 401820682, 401820687]","[401812350, 401817132, 401817433, 401817435, 401817437, 401806368, 401817438, 401817439, 401817440, 401820662, 401820670, 401820692]",108.11316144867152,103.90498525164293,0.520795833392808,0.5529550709218694,0.4156353467727348,0.335770010873713,96.07724363505078,115.20380626999344,-0.105820505912395,-19.189733581510197,-19.12656263494266,-0.0528781995748109,-0.105820505912395,-15.106060606060606
Georgia Tech Yellow Jackets,Clemson Tigers,"[401812919, 401831230, 401806376, 401812923, 401820640, 401820647, 401820662, 401820690]","[401812916, 401812917, 401812918, 401812920, 401809308, 401827173, 401812924, 401812925, 401812926, 401820652, 401820667, 401820676, 401820685]",113.91019827575836,96.50895627232934,0.5373285711982928,0.5772246648067425,0.4240408696494376,0.3820829599176122,102.04124659821426,111.694526672935,-0.1305101403513524,"[401826713, 401825573, 401830884, 401820636, 401820660, 401820678]","[401820296, 401820614, 401808950, 401826714, 401825386, 401806377, 401824865, 401813326, 401826755, 401826756, 401820645, 401820653, 401820668, 401820690]",103.02827001417788,100.85398821306585,0.5099503546150347,0.5477221226447655,0.3136434294790716,0.3709008143434382,95.62982462021432,113.34731059254808,-0.0466291733057738,-9.65328007472074,-17.717485972333762,-0.1305101403513524,-0.0466291733057738,-15.575757575757578
Virginia Tech Hokies,Virginia Cavaliers,"[401806379, 401820641, 401820646, 401820669, 401820680]","[401812625, 401817487, 401817488, 401817489, 401817490, 401817491, 401817492, 401813441, 401817513, 401817514, 401817515, 401820654, 401820664, 401820697]",122.406587587166,98.53170554708863,0.5658240809267623,0.5967476440997305,0.4658395701792475,0.3710033045710557,103.9020499318442,110.4660646400051,-0.1322055617214957,"[401817522, 401830878, 401806372, 401820649, 401820671, 401820688, 401820691]","[401817517, 401817518, 401817519, 401817520, 401817521, 401830753, 401817523, 401817524, 401817525, 401817526, 401820641, 401820655, 401820665, 401820682]",113.0113080003948,103.20584698566611,0.5250185968690291,0.5693547684281504,0.3902084450984826,0.391656783387389,101.88389657645791,117.60398398148538,-0.1163135307364837,-6.564014708160897,-15.72008740502747,-0.1322055617214957,-0.1163135307364837,-15.50909090909091
SMU Mustangs,Florida State Seminoles,"[401826707, 401824813, 401813443, 401820639, 401820673, 401820686, 401820694]","[401826705, 401826706, 401826708, 401826709, 401823735, 401826710, 401806369, 401826711, 401826712, 401823350, 401820644, 401820658, 401820677]",108.0881141055545,107.49940138774907,0.5036481995090131,0.5434347071023173,0.5104473024083672,0.3356214834548127,98.34245638275904,121.30685952208268,-0.1459219227804836,"[401817459, 401806375, 401817461, 401820652, 401820657, 401820683]","[401817452, 401817453, 401817454, 401817455, 401817456, 401817457, 401817458, 401817460, 401817462, 401817463, 401820648, 401820671, 401820680, 401820694]",118.23609625116012,105.1148327088201,0.5554595735066987,0.5994678600034766,0.3414290004406374,0.3586930010854961,106.1790994703848,116.67990305674638,-0.1637376073691662,-22.964403139323636,-10.500803586361585,-0.1459219227804836,-0.1637376073691662,-20.21212121212121
Louisville Cardinals,Miami Hurricanes,"[401809416, 401830887, 401806371, 401820656, 401820670, 401820676, 401820696]","[401809413, 401809414, 401809415, 401809417, 401809418, 401809419, 401809420, 401809421, 401809422, 401809423, 401820637, 401820660, 401820686]",117.54804521370872,97.51109845235206,0.5678564617974879,0.5998432520260935,0.3353097040437465,0.3787374277871443,100.40360289648372,115.7223326888482,-0.1734946484719848,"[401817243, 401806374, 401817248, 401820634, 401820643, 401820679]","[401817239, 401817240, 401817241, 401817242, 401817244, 401817245, 401817246, 401817247, 401817249, 401820650, 401820659, 401820669, 401820691]",120.98419937567954,96.61387029571245,0.5656099856733844,0.6069684520348624,0.5374473809457839,0.3547948195978849,105.31908103992104,113.57524199160692,-0.248104883593033,-15.31872979236448,-8.256160951685871,-0.1734946484719848,-0.248104883593033,-20.2
Stanford Cardinal,NC State Wolfpack,"[401831198, 401831202, 401806373, 401820651, 401820658, 401820685, 401820693]","[401817252, 401817253, 401817254, 401817255, 401817256, 401817257, 401817258, 401817259, 401817260, 401817261, 401820638, 401820646, 401820678]",119.3094913816194,101.15270894998592,0.5621140086166329,0.6034688269152053,0.4453540056418791,0.3641635948523035,101.96623612710978,116.3460850251912,-0.2567678748368029,"[401817469, 401830750, 401817472, 401817474, 401820655, 401820664]","[401817464, 401817465, 401817466, 401817467, 401817468, 401817470, 401817471, 401817473, 401817475, 401820635, 401820643, 401820672, 401820681, 401820695]",108.20866618033004,104.37991918076956,0.4987528282464291,0.5473072368598474,0.434635568969459,0.4347873937075461,97.5132894565206,115.9167728345723,0.0087638475852369,-14.37984889808142,-18.403483378051703,-0.2567678748368029,0.0087638475852369,-7.636363636363637
California Golden Bears,Wake Forest Demon Deacons,"[401817529, 401817531, 401823638, 401817534, 401820638, 401820661, 401820677, 401820689]","[401817527, 401817528, 401817530, 401817532, 401817533, 401806370, 401817535, 401817536, 401817537, 401820649, 401820656, 401820683]",110.58892451299344,104.79968293651802,0.5272543944406625,0.5700046542371173,0.4524223387223824,0.3292515560941212,97.8733388776686,114.0086459156442,-0.1557813597120024,"[401817221, 401820654, 401820665, 401820695]","[401817218, 401817219, 401817220, 401817222, 401817223, 401813762, 401817224, 401817225, 401820295, 401817226, 401813282, 401817227, 401820634, 401820642, 401820666, 401820675]",112.43332950763032,100.2279106615814,0.5273025469016133,0.580980439863559,0.419071797612879,0.3824370684190584,97.82943883701566,114.372069184533,-0.1262293189310646,-16.135307037975593,-16.542630347517346,-0.1557813597120024,-0.1262293189310646,-17.666666666666664
Pittsburgh Panthers,Syracuse Orange,"[401817481, 401817482, 401831216, 401820653, 401820663, 401820674]","[401817476, 401817477, 401817478, 401817479, 401806366, 401817480, 401817483, 401817484, 401817485, 401817486, 401820640, 401820673, 401820688, 401820696]",108.10260223401754,99.10846022524764,0.53234758230893,0.5615305229705392,0.3623421229507319,0.4032867477841929,98.50337875613558,116.0420676195878,-0.2238615285055724,"[401817444, 401817445, 401817449, 401817451, 401820637, 401820668, 401820684]","[401817441, 401817442, 401817443, 401809077, 401817446, 401817447, 401806367, 401817448, 401817450, 401820647, 401820663, 401820679, 401820693]",108.88588066695492,108.06438825230934,0.5177123766606156,0.5463753574579089,0.4105407446096065,0.3187310734774274,99.60353245843189,120.62955332926806,-0.1798997603578814,-17.538688863452222,-21.026020870836177,-0.2238615285055724,-0.1798997603578814,-6.205128205128205
North Carolina Tar Heels,Duke Blue Devils,"[401817230, 401817234, 401817235, 401820644, 401820650, 401820666, 401820681]","[401817228, 401817229, 401817231, 401817232, 401813377, 401817233, 401806364, 401817236, 401817237, 401820636, 401820657, 401820689]",121.7638743357702,92.54713635039452,0.5770491345813442,0.6147802484146965,0.4569973362455592,0.4362558889835238,105.58621368218492,108.62733623372192,-0.0437445876397648,"[401806365, 401809307, 401820648, 401820672, 401820675, 401820697]","[401817262, 401817263, 401817264, 401817265, 401817266, 401817198, 401817267, 401817268, 401817269, 401817270, 401817271, 401820639, 401820661, 401820687]",117.56494624530042,99.49136630487948,0.5583096665368543,0.5893350529684807,0.4288561072619655,0.4140890435337458,103.34295197011905,114.62365634744684,-0.1467597847979774,-3.0411225515370006,-11.280704377327794,-0.0437445876397648,-0.1467597847979774,-5.722222222222221
