home_team,away_team,prediction_spread_holdout_ElasticNet,ci_lb_holdout_ElasticNet,ci_ub_holdout_ElasticNet,prediction_spread_holdout_GradientBoosting_TUNED,ci_lb_holdout_GradientBoosting_TUNED,ci_ub_holdout_GradientBoosting_TUNED,prediction_spread_holdout_HuberRegressor,ci_lb_holdout_HuberRegressor,ci_ub_holdout_HuberRegressor,prediction_spread_holdout_Lasso,ci_lb_holdout_Lasso,ci_ub_holdout_Lasso,prediction_spread_holdout_LinearRegression,ci_lb_holdout_LinearRegression,ci_ub_holdout_LinearRegression,prediction_spread_holdout_RandomForest,ci_lb_holdout_RandomForest,ci_ub_holdout_RandomForest,prediction_spread_holdout_Ridge,ci_lb_holdout_Ridge,ci_ub_holdout_Ridge,prediction_spread_random_ElasticNet,ci_lb_random_ElasticNet,ci_ub_random_ElasticNet,prediction_spread_random_GradientBoosting_TUNED,ci_lb_random_GradientBoosting_TUNED,ci_ub_random_GradientBoosting_TUNED,prediction_spread_random_HuberRegressor,ci_lb_random_HuberRegressor,ci_ub_random_HuberRegressor,prediction_spread_random_Lasso,ci_lb_random_Lasso,ci_ub_random_Lasso,prediction_spread_random_LinearRegression,ci_lb_random_LinearRegression,ci_ub_random_LinearRegression,prediction_spread_random_RandomForest,ci_lb_random_RandomForest,ci_ub_random_RandomForest,prediction_spread_random_Ridge,ci_lb_random_Ridge,ci_ub_random_Ridge,pred_main_holdout_lasso,avg_holdout_top4,median_holdout_top4,pred_alt_random_gb,avg_holdout_all,avg_random_all,avg_all_models,final_pred,final_ci_lb,final_ci_ub
Virginia Cavaliers,Syracuse Orange,4.717498246098193,-6.013519506826475,15.448515999022861,7.335255920140993,-3.8115315236835823,18.482043363965566,4.627055533653458,-6.104641252099988,15.358752319406904,4.751792264561747,-5.988219809096295,15.491804338219788,4.761714359708707,-5.9735266227556405,15.496955342173054,6.2784873582601675,-4.715991243084562,17.272965959604896,4.741818683398888,-5.997190313306534,15.48082768010431,5.871633166723772,-4.687471354741215,16.430737688188756,7.98279287734055,-2.284697355005184,18.250283109686286,5.6761632474301695,-4.906587365342039,16.258913860202377,5.908743639016079,-4.63980646126736,16.457293739299516,5.912705801388114,-4.632116045890626,16.457527648666854,4.808002849584383,-5.5698435905900325,15.1858492897588,5.900399978655923,-4.650296237934699,16.451096195246542,4.751792264561747,4.743205888441883,4.746805473980317,7.98279287734055,5.316231766546022,6.008634508591285,5.662433137568653,4.751792264561747,-5.988219809096295,15.491804338219788
Wake Forest Demon Deacons,Louisville Cardinals,-9.430911081380037,-20.161928834304703,1.300106671544631,-11.979916885391843,-23.126704329216416,-0.8331294415672676,-9.421681865286713,-20.153378651040157,1.3100149204667328,-9.414195900410672,-20.15420797406871,1.32581617324737,-9.41342241610798,-20.148663398572328,1.3218185663563666,-14.452690686589413,-25.447169287934145,-3.458212085244684,-9.42209021879702,-20.161099215502443,1.316918777908402,-9.099505647367975,-19.65861016883296,1.4595988740970114,-9.196153615999995,-19.46364384834573,1.0713366163457394,-9.049859614709616,-19.632610227481827,1.5328909980625927,-9.079750661694595,-19.628300761978032,1.468799438588844,-9.07899138026777,-19.62381322754651,1.4658304670109708,-10.84982642269214,-21.227672862866555,-0.47197998251772333,-9.085331319660167,-19.636027536250786,1.4653648969304545,-9.414195900410672,-9.420154904173927,-9.418143059603846,-9.196153615999995,-10.504987007709095,-9.34848838034175,-9.926737694025421,-9.414195900410672,-20.15420797406871,1.32581617324737
NC State Wolfpack,Virginia Tech Hokies,-1.4537790232014274,-12.184796776126095,9.27723872972324,-3.425403718592068,-14.572191162416644,7.721383725232507,-1.6548152654244053,-12.386512051177851,9.07688152032904,-1.4413539123563694,-12.181365986014411,9.298658161301672,-1.4379503479105988,-12.173191330374946,9.297290634553748,-1.4035435547298751,-12.398022156074605,9.590935046614854,-1.4451153748900332,-12.184124371595455,9.29389362181539,-1.8768094120681802,-12.435913933533167,8.682295109396806,-3.4530685228106144,-13.720558755156349,6.81442170953512,-2.169113851639848,-12.751864464412057,8.413636761132361,-1.8612559660607175,-12.409806066344157,8.687294134222721,-1.8634550915572365,-12.408276938835977,8.681366755721504,-2.3482978027584154,-12.72614424293283,8.029548637416001,-1.8680063030732796,-12.418702519663901,8.682689913517342,-1.4413539123563694,-1.4445496645896072,-1.4432346436232013,-3.4530685228106144,-1.7517087424435398,-2.2057152785668985,-1.9787120105052192,-1.4413539123563694,-12.181365986014411,9.298658161301672
Boston College Eagles,Miami Hurricanes,-7.203859682916885,-17.934877435841553,3.5271580700077827,-8.302671112572398,-19.449458556396973,2.8441163312521773,-7.108560580167841,-17.840257365921286,3.623136205585605,-7.1841633096757835,-17.924175383333825,3.555848763982258,-7.185219915074754,-17.9204608975391,3.5500210673895936,-7.027331316994874,-18.021809918339603,3.9671472843498554,-7.194922601038092,-17.933931597743516,3.54408639566733,-5.68978021464647,-16.248884736111457,4.869324306818516,-5.9653898639101905,-16.232880096255926,4.302100368435544,-5.570895861324937,-16.153646474097144,5.011854751447272,-5.6711473369181,-16.21969743720154,4.877402763365339,-5.663324321707829,-16.20814616898657,4.881497525570912,-5.359422064027566,-15.737268504201982,5.01842437614685,-5.670417225447585,-16.221113442038206,4.880278991143037,-7.1841633096757835,-7.192041377176379,-7.190071258056423,-5.9653898639101905,-7.315246931205804,-5.655768126854668,-6.485507529030236,-7.1841633096757835,-17.924175383333825,3.555848763982258
Pittsburgh Panthers,SMU Mustangs,-10.500211244068655,-21.231228996993323,0.23080650885601273,-10.30701665270184,-21.453804096526415,0.839770791122735,-10.35179980017739,-21.08349658593084,0.379896985576055,-10.49964899970426,-21.2396610733623,0.2403630739537821,-10.500779181525232,-21.23602016398958,0.2344618009391155,-9.646487012512353,-20.640965613857084,1.347991588832377,-10.500775192595984,-21.239784189301407,0.23823380410943784,-10.611291081458084,-21.170395602923072,-0.05218655999309796,-10.167576456820878,-20.43506668916661,0.09991377552485581,-10.517164084342204,-21.099914697114414,0.06558652843000523,-10.609386151545353,-21.157936251828794,-0.06083605126191394,-10.608913729176745,-21.153735576455485,-0.06409188189800474,-9.748093644682237,-20.12594008485665,0.6297527954921787,-10.609585935974927,-21.16028215256555,-0.05888971938430565,-10.49964899970426,-10.500353654473532,-10.50049321833232,-10.167576456820878,-10.329531154755102,-10.410287297714346,-10.369909226234725,-10.49964899970426,-21.2396610733623,0.2403630739537821
Notre Dame Fighting Irish,Florida State Seminoles,-0.752410322804888,-11.483428075729556,9.97860743011978,-2.2867130142835297,-13.433500458108105,8.860074429541045,-0.8586268001794402,-11.590323585932886,9.873069985574006,-0.7241099453404871,-11.464122018998529,10.015902128317554,-0.718829490120962,-11.45407047258531,10.016411492343385,-1.3121168816837248,-12.306595483028454,9.682361719661005,-0.7345174180067939,-11.473526414712216,10.004491578698628,-0.3839392178512959,-10.943043739316282,10.17516530361369,-0.5074751743739669,-10.774965406719701,9.760015057971767,-0.4993450025717525,-11.082095615343961,10.083405610200456,-0.3503118471989737,-10.898861947482413,10.198238253084465,-0.35123711675346136,-10.896058964032202,10.193584730525279,2.3870508371622954,-7.9907956030121206,12.764897277336711,-0.3616824078962715,-10.912378624486893,10.18901380869435,-0.7241099453404871,-0.7324667940682827,-0.7293136816736405,-0.5074751743739669,-1.0553319817742608,-0.009562847069060965,-0.5324474144216609,-0.7241099453404871,-11.464122018998529,10.015902128317554
North Carolina Tar Heels,Duke Blue Devils,-7.998557290001003,-18.72957504292567,2.7324604629236653,-9.600317906062516,-20.747105349887093,1.546469537762059,-8.024109498035077,-18.755806283788523,2.7075872877183684,-7.987728601020764,-18.727740674678806,2.752283472637277,-7.984489366638612,-18.71973034910296,2.7507516158257355,-10.19924741304009,-21.193726014384822,0.7952311883046388,-7.990792981200553,-18.729801977905975,2.7482160155048696,-7.983636739458459,-18.542741260923446,2.5754677820065277,-8.83318293775018,-19.100673170095916,1.4343072945955537,-8.195732540289445,-18.778483153061654,2.387018072482764,-7.9732243002916325,-18.521774400575072,2.5753257999918064,-7.969116558698723,-18.513938405977463,2.575705288580017,-9.300832545308287,-19.678678985482705,1.0770138948661288,-7.973035674286373,-18.523731890876995,2.5776605423042485,-7.987728601020764,-7.990392059715233,-7.989260791110659,-8.83318293775018,-8.540749007999803,-8.318394470869015,-8.42957173943441,-7.987728601020764,-18.727740674678806,2.752283472637277
California Golden Bears,Clemson Tigers,-7.923083535390567,-18.654101288315236,2.8079342175341013,-7.8854965352462445,-19.03228397907082,3.2612909085783306,-7.9419920788566465,-18.673688864610092,2.7897047068967993,-7.911441001761448,-18.65145307541949,2.8285710718965937,-7.909680491084728,-18.644921473549076,2.825560491379619,-6.480841118333181,-17.475319719677913,4.513637483011548,-7.916027726438599,-18.655036723144022,2.8229812702668236,-7.8829961892186295,-18.442100710683615,2.676108332246357,-7.701507332376399,-17.968997564722134,2.5659828999693355,-7.948172762707849,-18.530923375480057,2.6345778500643595,-7.868936667002398,-18.417486767285837,2.679613433281041,-7.868792837274267,-18.413614684553007,2.6760290100044735,-8.238932263398166,-18.61677870357258,2.1389141767762503,-7.873241123533637,-18.423937340124258,2.6774550930569845,-7.911441001761448,-7.915058188668835,-7.913734364100023,-7.701507332376399,-7.709794641015916,-7.911797025073049,-7.810795833044483,-7.911441001761448,-18.65145307541949,2.8285710718965937
Stanford Cardinal,Georgia Tech Yellow Jackets,-3.678973457092984,-14.409991210017651,7.052044295831684,-5.056665579178486,-16.20345302300306,6.090121864646089,-3.690898684927218,-14.422595470680664,7.040798100826228,-3.6697818954950154,-14.409793969153057,7.070230178163026,-3.668049503395193,-14.40329048585954,7.067191479069154,-2.2064661724582444,-13.200944773802973,8.788012428886486,-3.6731395095658366,-14.412148506271258,7.065869487139586,-2.749674797642877,-13.308779319107863,7.8094297238221095,-1.6451007944869105,-11.912591026832645,8.622389437858823,-2.8213859807756423,-13.40413659354785,7.761364631996567,-2.741261380414488,-13.289811480697928,7.807288719868951,-2.737505956425384,-13.282327803704124,7.807315890853356,0.07942053366549427,-10.298425906508921,10.45726697383991,-2.740739724008435,-13.291435940599056,7.809956492582186,-3.6697818954950154,-3.672486091387257,-3.671460702530426,-1.6451007944869105,-3.6634249717304255,-2.1937497285840344,-2.92858735015723,-3.6697818954950154,-14.409793969153057,7.070230178163026
Louisville Cardinals,NC State Wolfpack,1.2399454796761127,-9.491072273248555,11.97096323260078,-0.8913727470177552,-12.03816019084233,10.25541469680682,1.0384574673878646,-9.693239318365581,11.77015425314131,1.2680788825237332,-9.471933191134308,12.008090956181775,1.274086733493757,-9.46115424897059,12.009327715958104,3.270631389873572,-7.723847211471158,14.265109991218301,1.2583103641714608,-9.480698632533962,11.997319360876883,2.3165044239502848,-8.242600097514702,12.875608945415271,0.107324105299057,-10.160166127046677,10.374814337644791,2.0209696287620798,-8.561780984010129,12.603720241534289,2.344933642029204,-8.203616458254235,12.893483742312643,2.350255991838816,-8.194565855439924,12.895077839117556,2.814243107452749,-7.563603332721667,13.192089547627166,2.340472168790731,-8.21022404779989,12.891168385381352,1.2680788825237332,1.260105364966266,1.263194623347597,0.107324105299057,1.208305367158392,2.0421004383032746,1.6252029027308335,1.2680788825237332,-9.471933191134308,12.008090956181775
Florida State Seminoles,Virginia Cavaliers,-14.086395056109819,-24.817412809034487,-3.3553773031851506,-11.706839424160746,-22.85362686798532,-0.560051980336171,-13.895403696115945,-24.62710048186939,-3.1637069103624995,-14.088364108588129,-24.82837618224617,-3.3483520349300875,-14.087950672471159,-24.823191654935506,-3.3527096900068116,-13.899343045454977,-24.893821646799708,-2.904864444110247,-14.087046982298887,-24.82605597900431,-3.3480379855934643,-14.113430385929917,-24.672534907394905,-3.5543258644649303,-11.49681189765158,-21.764302129997315,-1.2293216653058465,-14.067209195108212,-24.64995980788042,-3.4844585823360035,-14.117538554552933,-24.666088654836372,-3.568988454269494,-14.11205460377126,-24.65687645105,-3.567232756492519,-14.691130384831265,-25.06897682500568,-4.313283944656849,-14.111616346046244,-24.662312562636863,-3.5609201294556225,-14.088364108588129,-14.087439204867,-14.087498827385023,-11.49681189765158,-13.693048997885667,-13.815684481127345,-13.754366739506507,-14.088364108588129,-24.82837618224617,-3.3483520349300875
Miami Hurricanes,North Carolina Tar Heels,-5.696714679508979,-16.427732432433647,5.034303073415689,-8.614502807961317,-19.761290251785894,2.532284635863258,-5.805707954837565,-16.53740474059101,4.92598883091588,-5.678929381094883,-16.418941454752925,5.061082692563159,-5.675194486037908,-16.410435468502257,5.060046496426439,-8.146008491477662,-19.14048709282239,2.8484701098670673,-5.685158028279938,-16.42416702498536,5.053850968425484,-5.7453335749135945,-16.304438096378583,4.813770946551392,-7.271467253301448,-17.53895748564718,2.9960229790442865,-5.92173159716484,-16.50448220993705,4.661019015607369,-5.724260497727082,-16.272810598010523,4.824289602556357,-5.724612491605322,-16.26943433888406,4.820209355673418,-6.548883319983577,-16.926729760157993,3.8289631201908385,-5.731191995662036,-16.281888212252657,4.819504220928585,-5.678929381094883,-5.683999143730427,-5.682043704687411,-7.271467253301448,-6.4717451184568935,-6.095354390051129,-6.283549754254011,-5.678929381094883,-16.418941454752925,5.061082692563159
SMU Mustangs,Notre Dame Fighting Irish,3.876581642992255,-6.854436109932413,14.607599395916923,1.9879285014456238,-9.158858942378952,13.134715945270198,3.5245721470011446,-7.207124638752301,14.25626893275459,3.899619539126469,-6.840392534531572,14.63963161278451,3.9076700283290666,-6.827570954135281,14.642911010793414,3.225036321836404,-7.7694422795083256,14.219514923181134,3.8939621712602843,-6.845046825445138,14.632971167965707,4.844723643683762,-5.714380877781224,15.403828165148749,4.957836206527472,-5.309654025818262,15.225326438873207,4.322096474667148,-6.26065413810506,14.904847087439357,4.865188325503199,-5.68336177478024,15.413738425786638,4.872170172757935,-5.6726516745208055,15.416992020036675,4.312666480772413,-6.065179959402003,14.69051292094683,4.864637907379194,-5.686058309211427,15.415334123969815,3.899619539126469,3.8944583454270187,3.8967908551933768,4.957836206527472,3.4736243359987498,4.719902744470161,4.0967635402344555,3.899619539126469,-6.840392534531572,14.63963161278451
Pittsburgh Panthers,Duke Blue Devils,-14.269999355685066,-25.001017108609734,-3.5389816027603977,-10.081034124614995,-21.22782156843957,1.0657533192095805,-13.800222340031171,-24.53191912578462,-3.068525554277725,-14.286861310332402,-25.02687338399044,-3.54684923667436,-14.287587799813014,-25.02282878227736,-3.552346817348667,-12.101898757258938,-23.096377358603668,-1.107420155914209,-14.278847099904505,-25.017856096609925,-3.5398381031990827,-14.831049451715716,-25.390153973180702,-4.271944930250729,-12.397413332739733,-22.664903565085467,-2.1299231003939987,-14.641381652394124,-25.224132265166332,-4.058631039621915,-14.850156355892144,-25.39870645617558,-4.301606255608705,-14.845835199506553,-25.390657046785293,-4.3010133522278124,-12.294716628266956,-22.67256306844137,-1.91687018809254,-14.84049133585671,-25.39118755244733,-4.289795119266088,-14.286861310332402,-14.280823891433746,-14.282854205118454,-12.397413332739733,-13.30092154109144,-14.100149136624564,-13.700535338858003,-14.286861310332402,-25.02687338399044,-3.54684923667436
Clemson Tigers,Virginia Tech Hokies,1.0405485394443232,-9.690469213480345,11.771566292368991,0.2072368181234889,-10.939550625701086,11.354024261948064,0.8413281706946361,-9.89036861505881,11.573024956448082,1.0698343575853624,-9.67017771607268,11.809846431243404,1.075350659284945,-9.659890323179402,11.810591641749292,5.005169412663771,-5.989309188680958,15.9996480140085,1.0591078901453628,-9.67990110656006,11.798116886850785,1.6185711508803635,-8.940533370584623,12.17767567234535,1.2652502296389334,-9.0022400027068,11.532740461984668,1.3701007004427606,-9.212649912329448,11.95285131321497,1.650986560475145,-8.897563539808294,12.199536660758584,1.6526807331377018,-8.892141114141038,12.197502580416442,3.7904068552111845,-6.5874395849632315,14.1682532953856,1.6422079732196124,-8.908488243371009,12.192904189810234,1.0698343575853624,1.0612103616149984,1.0644711238653626,1.2652502296389334,1.4712251211345557,1.8557434575722431,1.6634842893533992,1.0698343575853624,-9.67017771607268,11.809846431243404
Syracuse Orange,California Golden Bears,-3.268979865488607,-13.999997618413275,7.462037887436061,-5.394250047525533,-16.54103749135011,5.752537396299042,-3.3504917858666214,-14.082188571620067,7.381204999886824,-3.2630058439994185,-14.00301791765746,7.477006229658623,-3.26159901482698,-13.996839997291328,7.473641967637367,-2.3049559458435502,-13.29943454718828,8.689522655501179,-3.264980262496948,-14.00398925920237,7.474028734208474,-3.137920267641129,-13.697024789106116,7.421184253823857,-3.9614957183261392,-14.228985950671873,6.305994514019595,-3.3282483222900687,-13.910998935062278,7.25450229048214,-3.1317344532793356,-13.680284553562775,7.416815647004103,-3.1304912048785187,-13.675313052157259,7.4143306424002215,-2.975717915520303,-13.353564355694719,7.402128524654113,-3.132630320690102,-13.683326537280724,7.4180658959005195,-3.2630058439994185,-3.2646412467029884,-3.2639930532481833,-3.9614957183261392,-3.4440375380068082,-3.2568911718036566,-3.3504643549052324,-3.2630058439994185,-14.00301791765746,7.477006229658623
Boston College Eagles,Stanford Cardinal,-3.796352022065517,-14.527369774990184,6.934665730859151,-5.435832542560663,-16.58261998638524,5.7109549012639125,-3.882723970412094,-14.61442075616554,6.848972815341352,-3.7774090898169552,-14.517421163474996,6.962602983841086,-3.775783141688046,-14.511024124152392,6.9594578407763015,-4.030788325328644,-15.025266926673375,6.963690276016085,-3.7857931279978763,-14.5248021247033,6.953215868707546,-3.3433712990626647,-13.902475820527652,7.215733222402322,-4.514055651371894,-14.781545883717628,5.75343458097384,-3.49623600321895,-14.078986615991159,7.086514609553259,-3.323154936870056,-13.871705037153495,7.225395163413383,-3.3202245822811323,-13.865046429559872,7.224597264997608,-4.425519796550234,-14.80336623672465,5.952326643624182,-3.3270490195719837,-13.877745236162605,7.2236471970186376,-3.7774090898169552,-3.7838343453920986,-3.7816011089074157,-4.514055651371894,-4.069240317124256,-3.6785158984181305,-3.8738781077711937,-3.7774090898169552,-14.517421163474996,6.962602983841086
Georgia Tech Yellow Jackets,Wake Forest Demon Deacons,-4.869445133577468,-15.600462886502136,5.8615726193472,-5.513958940873722,-16.660746384698296,5.632828502950853,-4.8508709748503325,-15.582567760603778,5.880825810903113,-4.853946735598752,-15.593958809256794,5.886065338059289,-4.852313495370903,-15.587554477835251,5.882927487093444,-4.545899599120037,-15.540378200464765,6.448579002224693,-4.860580212558049,-15.59958920926347,5.878428784147373,-4.0604656398810715,-14.619570161346058,6.498638881583915,-4.130154549521873,-14.397644781867609,6.137335682823861,-4.029492560296538,-14.612243173068748,6.5532580524756705,-4.042900125153163,-14.591450225436603,6.505649975130276,-4.041364755904165,-14.586186603182906,6.5034570913745755,-6.714213166065236,-17.09205960623965,3.6636332741091797,-4.047135372123516,-14.597831588714136,6.503560844467105,-4.853946735598752,-4.859071394276293,-4.857263474078401,-4.130154549521873,-4.906716441707038,-4.437960881277938,-4.672338661492488,-4.853946735598752,-15.593958809256794,5.886065338059289
Duke Blue Devils,Clemson Tigers,1.6039415966421124,-9.127076156282556,12.33495934956678,3.1568376618267657,-7.98994978199781,14.30362510565134,1.572103160764538,-9.159593624988908,12.303799946517984,1.6251229916663004,-9.114889081991741,12.365135065324342,1.6318441106554484,-9.103396871808899,12.367085093119796,4.117029635969677,-6.877448965375052,15.111508237314407,1.6194026629682199,-9.119606333737202,12.358411659673642,2.2600493366660697,-8.299055184798917,12.819153858131056,3.6788540907828993,-6.588636141562835,13.946344323128633,2.1725487892146713,-8.410201823557538,12.75529940198688,2.2848239457284674,-8.263726154554972,12.833374046011906,2.285003161627227,-8.259818685651513,12.829825008905967,3.6480586132780606,-6.729787826896356,14.025905053452476,2.2771750774401074,-8.273521139150514,12.827871294030729,1.6251229916663004,1.6200778404830203,1.6222628273172601,3.6788540907828993,2.189468831499009,2.658073287819643,2.4237710596593263,1.6251229916663004,-9.114889081991741,12.365135065324342
Notre Dame Fighting Irish,Georgia Tech Yellow Jackets,-3.6173913067443983,-14.348409059669066,7.11362644618027,-5.588206438121417,-16.734993881945993,5.558581005703158,-3.7350415171976845,-14.46673830295113,6.996655268555761,-3.6050956829403757,-14.345107756598416,7.134916390717666,-3.601970034316702,-14.33721101678105,7.133270948147645,-4.731817894799537,-15.726296496144267,6.2626607065451925,-3.608992410674837,-14.34800140738026,7.130016586030585,-3.444178293340067,-14.003282814805054,7.1149262281249195,-4.341917877734491,-14.609408110080224,5.925572354611243,-3.6632752214215962,-14.246025834193805,6.919475391350613,-3.430825850880348,-13.979375951163787,7.117724249403091,-3.429522423987466,-13.974344271266206,7.115299423291274,-6.4735094806844815,-16.851355920858897,3.9043369594899344,-3.4339282487506146,-13.984624465341236,7.116767967840007,-3.6050956829403757,-3.608362358669078,-3.6070440468076064,-4.341917877734491,-4.06978789782785,-4.031022485257009,-4.0504051915424295,-3.6050956829403757,-14.345107756598416,7.134916390717666
Boston College Eagles,California Golden Bears,-5.752340250789484,-16.48335800371415,4.978677502135184,-5.656310424628497,-16.803097868453072,5.490477019196078,-5.730522195487522,-16.462218981240966,5.001174590265924,-5.734112244718623,-16.474124318376663,5.005899828939419,-5.733488094481171,-16.468729076945518,5.0017528879831765,-5.630556573288176,-16.625035174632906,5.363922028056553,-5.742876646887902,-16.481885643593323,4.99613234981752,-4.640266479979287,-15.199371001444273,5.918838041485699,-5.364116966343527,-15.631607198689261,4.903373266002207,-4.6329002652449045,-15.215650878017113,5.949850347527304,-4.622090378568964,-15.170640478852402,5.926459721714475,-4.616706536017289,-15.16152838329603,5.928115311261451,-8.967993270727412,-19.345839710901828,1.409853169447004,-4.623272548781695,-15.173968765372315,5.9274236678089265,-5.734112244718623,-5.7407043092192955,-5.738494445803262,-5.364116966343527,-5.711458061468768,-5.352478063666154,-5.531968062567462,-5.734112244718623,-16.474124318376663,5.005899828939419
Virginia Tech Hokies,Florida State Seminoles,2.0845860572230706,-8.646431695701597,12.815603810147739,1.9399379426154286,-9.206849501209147,13.086725386440003,1.9033408490254704,-8.828355936727975,12.635037634778916,2.1141675870409937,-8.625844486617048,12.854179660699035,2.1214933152586983,-8.613747667205649,12.856734297723046,1.4806485822622162,-9.513830019082514,12.475127183606945,2.104645097113856,-8.634363899591566,12.843654093819278,2.975128817675488,-7.583975703789498,13.534233339140474,2.2750437774595293,-7.992446454886204,12.542534009805264,2.708278622640208,-7.874471990132001,13.291029235412417,3.0066161761427015,-7.5419339241407375,13.55516627642614,3.0101499203171045,-7.534671926961636,13.554971767595845,2.7448789626341297,-7.632967477540286,13.122725402808545,2.9996826050279886,-7.551013611562633,13.55037882161861,2.1141675870409937,2.1062230141591547,2.109406342077425,2.2750437774595293,1.9641170615056764,2.81711126884245,2.390614165174063,2.1141675870409937,-8.625844486617048,12.854179660699035
North Carolina Tar Heels,Pittsburgh Panthers,3.99743462705416,-6.733583125870508,14.728452379978828,1.3875257024799008,-9.759261741344675,12.534313146304475,3.7383198503914024,-6.993376935362043,14.470016636144848,4.038685724815373,-6.701326348842668,14.778697798473415,4.049740902712761,-6.685500079751586,14.784981885177109,5.597472176905596,-5.397006424439134,16.591950778250325,4.0260284557803985,-6.712980540925024,14.76503745248582,4.729497624451341,-5.829606897013646,15.288602145916327,5.0946493396628,-5.172840892682935,15.362139572008534,4.370942822392347,-6.211807790379861,14.953693435164556,4.774576451570994,-5.773973648712445,15.323126551854433,4.7776836802486,-5.76713816703014,15.32250552752734,6.035829069674756,-4.34201737049966,16.41367550984917,4.763001768297588,-5.787694448293033,15.31369798488821,4.038685724815373,4.027972427590673,4.032357090297886,5.0946493396628,3.8336010628770842,4.935168679471204,4.384384871174144,4.038685724815373,-6.701326348842668,14.778697798473415
Syracuse Orange,SMU Mustangs,-8.103317127550307,-18.834334880474977,2.627700625374361,-8.459798453421358,-19.606585897245935,2.6869889904032167,-8.005669505025699,-18.737366290779143,2.726027280727747,-8.096858481897376,-18.836870555555418,2.643153591760665,-8.097444036567218,-18.832685019031565,2.6377969458971293,-8.49770853590903,-19.492187137253758,2.4967700654356992,-8.10057197672564,-18.83958097343106,2.638437019979783,-8.421308155071236,-18.980412676536222,2.1377963663937507,-7.11699315196061,-17.384483384306343,3.150497080385124,-8.365409153347557,-18.948159766119765,2.2173414594246523,-8.411213222029492,-18.95976332231293,2.1373368782539472,-8.41303011777406,-18.9578519650528,2.1317917295046804,-8.080965611118339,-18.458812051292753,2.296880829056077,-8.415924474899583,-18.966620691490206,2.134771741691038,-8.096858481897376,-8.099547905685135,-8.099008006646429,-7.11699315196061,-8.194481159585232,-8.174977698028695,-8.184729428806964,-8.096858481897376,-18.836870555555418,2.643153591760665
NC State Wolfpack,Miami Hurricanes,-2.0961480977946545,-12.827165850719322,8.634869655130014,-4.431953958338005,-15.578741402162581,6.71483348548657,-2.2097437818626613,-12.941440567616107,8.521953003890784,-2.086682043054436,-12.826694116712478,8.653330030603605,-2.0851511558134153,-12.820392138277763,8.650089826650932,-1.2710496761893644,-12.265528277534093,9.723428925155366,-2.090330758464966,-12.829339755170388,8.648678238240457,-1.6017466334366368,-12.160851154901623,8.95735788802835,-2.8013805253536015,-13.068870757699337,7.466109706992133,-1.820238634036853,-12.402989246809062,8.762511978735356,-1.593105523493561,-12.141655623777,8.955444576789878,-1.5898641376362814,-12.134685984915022,8.954957709642459,-1.5017478414249015,-11.879594281599317,8.876098598749515,-1.5930893172260898,-12.143785533816711,8.957606899364531,-2.086682043054436,-2.089578013781868,-2.088506400759701,-2.8013805253536015,-2.3244370673596433,-1.7858818018011322,-2.055159434580388,-2.086682043054436,-12.826694116712478,8.653330030603605
Wake Forest Demon Deacons,Stanford Cardinal,-0.7558171011847392,-11.486834854109407,9.975200651739929,-3.872743485324637,-15.019530929149212,7.274043958499938,-1.0629734070392889,-11.794670192792735,9.668723378714157,-0.7350264035054064,-11.475038477163448,10.004985670152635,-0.7301833455907207,-11.465424328055068,10.005057636873627,-2.6875394091334837,-13.682018010478213,8.306939192211246,-0.7419510930601003,-11.480960089765523,9.997057903645322,-1.0001272825514338,-11.55923180401642,9.558977238913553,-3.209194436298441,-13.476684668644175,7.058295796047293,-1.4225265225947918,-12.005277135367,9.160224090177417,-0.9770289073987541,-11.525579007682193,9.571521192884685,-0.9767944283016945,-11.521616275580435,9.568027418977046,-2.811561434845108,-13.189407875019524,7.566285005329307,-0.9841029321625498,-11.534799148753171,9.566593284428071,-0.7350264035054064,-0.7407444858352417,-0.7384887482827533,-3.209194436298441,-1.5123191778340537,-1.6259051348789677,-1.5691121563565107,-0.7350264035054064,-11.475038477163448,10.004985670152635
Louisville Cardinals,Baylor Bears,9.80278118585776,-0.9282365670669073,20.53379893878243,4.069098209717369,-7.077689234107206,15.215885653541944,9.52373770822344,-1.2079590775300062,20.255434493976885,9.848424114397522,-0.8915879592605194,20.588436188055564,9.868273530332157,-0.8669674521321902,20.603514512796504,4.5029929811143425,-6.491485620230387,15.497471582459072,9.840107693987697,-0.8989013027177251,20.57911669069312,11.926470339622597,1.3673658181576105,22.485574861087585,9.723608525837898,-0.5438817065078361,19.991098758183632,11.790322892832405,1.2075722800601962,22.373073505604616,11.972728363848516,1.4241782635650768,22.521278464131953,11.993610187236236,1.4487883399574955,22.538432034514976,9.505773283571903,-0.8720731566025126,19.88361972374632,11.975750110746848,1.4250538941562265,22.526446327337467,9.848424114397522,9.839896631143784,9.84426590419261,9.723608525837898,8.207916489090042,11.269751957670914,9.738834223380477,9.848424114397522,-0.8915879592605194,20.588436188055564
Virginia Cavaliers,Ohio State Buckeyes,6.9280502452835435,-3.8029675076411245,17.65906799820821,6.379498279756792,-4.767289164067783,17.526285723581367,6.727012952736452,-4.004683833016994,17.458709738489897,6.969175926001112,-3.7708361476569294,17.709187999659154,6.986863017527998,-3.748377964936349,17.722103999992346,4.114638651858718,-6.879839949486011,15.109117253203447,6.9615308463083,-3.7774781503971226,17.700539843013722,8.718664966027845,-1.8404395554371415,19.277769487492833,8.94475431740502,-1.322735914940715,19.212244549750753,8.714798287161583,-1.8679523256106254,19.297548899933794,8.762207592653548,-1.7863425076298913,19.31075769293699,8.780118172678304,-1.7647036746004368,19.324940019957044,5.926518814090523,-4.451327626083893,16.304365254264937,8.763577444046216,-1.7871187725444049,19.314273660636836,6.969175926001112,6.961405008780238,6.965353386154706,8.94475431740502,6.438109988496131,8.372948513437576,7.405529250966855,6.969175926001112,-3.7708361476569294,17.709187999659154
Duke Blue Devils,Syracuse Orange,7.2273258342138895,-3.5036919187107785,17.958343587138557,7.393780393069162,-3.7530070507554134,18.540567836893736,7.394047439260834,-3.3376493464926114,18.12574422501428,7.260674894579571,-3.4793371790784704,18.000686968237613,7.272641045715865,-3.4625999367484823,18.007882028180212,7.1312558372309764,-3.863222764113753,18.125734438575705,7.252705114158285,-3.486303882547137,17.991714110863708,8.663140414969153,-1.8959641064958337,19.222244936434137,9.095748985598323,-1.1717412467474109,19.363239217944056,8.691752323001078,-1.8909982897711313,19.274502935773285,8.700616038760957,-1.8479340615224817,19.249166139044398,8.704310837948928,-1.8405110093298127,19.249132685227668,8.899076614001416,-1.478769826173,19.276923054175832,8.691931064646678,-1.8587651519439436,19.242627281237297,7.260674894579571,7.253336722166902,7.256690004368928,9.095748985598323,7.276061508318368,8.778082325560932,8.02707191693965,7.260674894579571,-3.4793371790784704,18.000686968237613
Florida State Seminoles,Boston College Eagles,-4.464060527545085,-15.195078280469753,6.266957225379583,-7.446447700767352,-18.593235144591926,3.7003397430572234,-4.633686527868334,-15.36538331362178,6.098010257885112,-4.456844768228572,-15.196856841886614,6.28316730542947,-4.452089126983546,-15.187330109447894,6.283151855480801,-9.409310714473476,-20.403789315818205,1.585167886871254,-4.456947180960762,-15.195956177666185,6.28206181574466,-4.429445093252225,-14.988549614717211,6.129659428212761,-6.758724755034713,-17.02621498738045,3.5087654773110213,-4.785694200753357,-15.368444813525567,5.7970564120188515,-4.423076930792556,-14.971627031075995,6.125473169490883,-4.420691329432756,-14.965513176711497,6.124130517845984,-8.172989907158055,-18.55083634733247,2.204856533016361,-4.4230644046192795,-14.973760621209902,6.127631811971342,-4.456844768228572,-4.4574854009294915,-4.4568959745946675,-6.758724755034713,-5.6170552209753035,-5.344812374434706,-5.480933797705005,-4.456844768228572,-15.196856841886614,6.28316730542947
NC State Wolfpack,North Carolina Tar Heels,-4.706589606015994,-15.437607358940662,6.024428146908674,-6.295232867213834,-17.44202031103841,4.8515545766107415,-4.75140991236851,-15.483106698121956,5.9802868733849355,-4.700940730427251,-15.440952804085292,6.03907134323079,-4.699714410282406,-15.434955392746755,6.035526572181941,-6.407976887560466,-17.402455488905197,4.586501713784264,-4.702887399390962,-15.441896396096384,6.036121597314461,-4.831532368916077,-15.390636890381064,5.727572152548909,-6.913586407018648,-17.18107663936438,3.3539038253270865,-4.986801279424055,-15.569551892196264,5.595949333348154,-4.824634584236393,-15.373184684519831,5.723915516047046,-4.824552115844293,-15.369373963123033,5.720269731434447,-9.577237199676617,-19.955083639851033,0.8006092404977991,-4.826734366427845,-15.377430583018466,5.723961850162777,-4.700940730427251,-4.702533036529154,-4.701914064909106,-6.913586407018648,-5.180678830465632,-5.82643976022056,-5.503559295343097,-4.700940730427251,-15.440952804085292,6.03907134323079
SMU Mustangs,Louisville Cardinals,-4.827012175470248,-15.558029928394916,5.90400557745442,-7.0261587392400005,-18.172946183064575,4.120628704584575,-4.89990992735115,-15.631606713104595,5.831786858402296,-4.810105179289641,-15.550117252947683,5.929906894368401,-4.806596408031176,-15.541837390495523,5.9286445744331715,-5.53008797320097,-16.524566574545698,5.46439062814376,-4.81604849804408,-15.555057494749502,5.922960498661342,-3.915574969689068,-14.474679491154054,6.643529551775918,-4.496680659405036,-14.76417089175077,5.770809572940698,-4.041904305072654,-14.624654917844863,6.540846307699555,-3.898651738417838,-14.447201838701277,6.649898361865601,-3.8945416588636483,-14.439363506142389,6.650280188415092,-5.928621066795942,-16.306467506970357,4.449225373378474,-3.900511396329926,-14.451207612920548,6.650184820260695,-4.810105179289641,-4.814940565208786,-4.813076838666861,-4.496680659405036,-5.245131271518181,-4.296640827796302,-4.770886049657242,-4.810105179289641,-15.550117252947683,5.929906894368401
Miami Hurricanes,Virginia Tech Hokies,-2.363714606272845,-13.094732359197513,8.367303146651823,-6.027219884688429,-17.174007328513003,5.119567559136146,-2.586422681852752,-13.318119467606198,8.145274103900693,-2.3392323803766004,-13.079244454034642,8.400779693281441,-2.3329996265427724,-13.06824060900712,8.402241355921575,-2.5290044532385143,-13.523483054583243,8.465474148106216,-2.3469962091761056,-13.086005205881527,8.392012787529318,-2.696891619621118,-13.255996141086104,7.8622129018438685,-4.874884631782288,-15.142374864128023,5.392605600563447,-2.9862038415096386,-13.568954454281847,7.59654677126257,-2.667131494099655,-13.215681594383094,7.881418606183784,-2.669613914796133,-13.214435762074874,7.875207932482607,-4.341930522162203,-14.719776962336619,6.035915918012213,-2.678596061091885,-13.229292277682507,7.872100155498736,-2.3392323803766004,-2.345735705592081,-2.343114294776353,-4.874884631782288,-2.9322271203068597,-3.2736074407232745,-3.1029172805150664,-2.3392323803766004,-13.079244454034642,8.400779693281441
Wake Forest Demon Deacons,Clemson Tigers,-7.494641007740793,-18.22565876066546,3.2363767451838754,-8.005946829596276,-19.15273427342085,3.140840614228299,-7.522217670330027,-18.25391445608347,3.2094791154234183,-7.482086356502675,-18.222098430160717,3.2579257171553664,-7.480008923781695,-18.215249906246044,3.255232058682652,-7.04856986539576,-18.04304846674049,3.9459087359489695,-7.48689865388982,-18.225907650595243,3.2521103428156026,-7.502962438542211,-18.062066960007197,3.0561420829227757,-7.029965853789238,-17.29745608613497,3.237524378556496,-7.599731506650565,-18.182482119422772,2.9830191061216436,-7.488098442523956,-18.036648542807395,3.060451657759483,-7.4876152220260845,-18.032437069304827,3.0572066252526557,-7.387335442323889,-17.765181882498304,2.990510997850527,-7.492370081015393,-18.043066297606014,3.0583261355752285,-7.482086356502675,-7.485908735478746,-7.484492505196247,-7.029965853789238,-7.502909901033864,-7.426868426695905,-7.464889163864884,-7.482086356502675,-18.222098430160717,3.2579257171553664
Georgia Tech Yellow Jackets,Virginia Cavaliers,-11.712593982933019,-22.443611735857687,-0.9815762300083506,-11.886577195019294,-23.03336463884387,-0.7397897511947189,-11.597766211859687,-22.329462997613135,-0.8660694261062414,-11.707235550925333,-22.447247624583376,-0.9672234772672912,-11.708938936300935,-22.444179918765283,-0.973697953836588,-10.965007027449108,-21.959485628793836,0.029471573895621717,-11.711220113033585,-22.450229109739006,-0.9722111163281628,-11.511458468064701,-22.070562989529687,-0.9523539465997146,-10.98742103667119,-21.254911269016922,-0.7199308043254558,-11.353565207624323,-21.93631582039653,-0.7708145948521139,-11.504482645425002,-22.053032745708443,-0.9559325451415628,-11.503497223445414,-22.048319070724155,-0.9586753761666742,-11.231559590664462,-21.609406030838876,-0.8537131504900461,-11.505847543550164,-22.056543760140784,-0.9551513269595429,-11.707235550925333,-11.70999714579822,-11.710079524667261,-10.98742103667119,-11.612762716788708,-11.37111881649218,-11.491940766640445,-11.707235550925333,-22.447247624583376,-0.9672234772672912
Virginia Tech Hokies,Wake Forest Demon Deacons,-2.586291029343956,-13.317308782268624,8.144726723580712,-5.275487078014017,-16.42227452183859,5.8713003658105585,-2.6962958566552526,-13.427992642408698,8.035400929098193,-2.5707741810124496,-13.310786254670491,8.169237892645592,-2.5666069507843607,-13.301847933248709,8.168634031679986,-2.467912770743105,-13.462391372087835,8.526565830601625,-2.5755185132052993,-13.314527509910722,8.163490483500123,-1.5494603831105582,-12.108564904575545,9.009644138354428,-4.111090829205648,-14.378581061551383,6.156399403140086,-1.7651736595871856,-12.347924272359394,8.817576953185023,-1.5354788841846325,-12.084028984468071,9.013071216098806,-1.529868652542369,-12.07469049982111,9.014953194736371,-1.9971165857669577,-12.374963025941373,8.380729854407459,-1.5351456999918582,-12.08584191658248,9.015550516598763,-2.5707741810124496,-2.574797668586516,-2.5731463471088745,-4.111090829205648,-2.962698054251206,-2.003333527769887,-2.483015791010547,-2.5707741810124496,-13.310786254670491,8.169237892645592
Clemson Tigers,Florida State Seminoles,6.243862991751067,-4.487154761173601,16.974880744675737,6.834512333844915,-4.31227510997966,17.98129977766949,6.008182093117517,-4.723514692635929,16.73987887887096,6.283517593097569,-4.4564944805604725,17.02352966675561,6.293108032415548,-4.4421329500488,17.028349014879893,6.641519382269514,-4.352959219075215,17.635997983614246,6.270576158493196,-4.468432838212227,17.009585155198618,7.097524997340905,-3.4615795241240814,17.656629518805893,7.690533468050475,-2.576956764295259,17.95802370039621,6.787924196172545,-3.7948264165996637,17.370674808944756,7.140988649253211,-3.4075614510302277,17.689538749536652,7.143827330009152,-3.400994517269588,17.688649177287893,10.622799477817718,0.24495303764330245,21.000645917992134,7.129695493007876,-3.421000723582745,17.680391709598496,6.283517593097569,6.272766193939345,6.277046875795382,7.690533468050475,6.36789694071276,7.6590419445216975,7.013469442617229,6.283517593097569,-4.4564944805604725,17.02352966675561
Syracuse Orange,North Carolina Tar Heels,-7.299042527301559,-18.030060280226227,3.431975225623109,-7.322056997901738,-18.46884444172631,3.824730445922837,-7.215879586613427,-17.947576372366875,3.5158171991400184,-7.295536773495638,-18.035548847153677,3.444475300162404,-7.2960508318700885,-18.031291814334438,3.439190150594259,-6.869645008100177,-17.864123609444906,4.124833593244553,-7.2976953088246574,-18.03670430553008,3.441313687880765,-7.3626224173393755,-17.921726938804362,3.196482104125611,-6.58996182872382,-16.857452061069555,3.6775284036219142,-7.364990096667485,-17.947740709439692,3.2177605161047236,-7.357785255133713,-17.906335355417152,3.190764845149726,-7.357215625307637,-17.90203747258638,3.1876062219711034,-7.242299470353753,-17.62014591052817,3.1355469698206626,-7.358826406964001,-17.909522623554622,3.1918698096266205,-7.295536773495638,-7.297081360372985,-7.296873070347373,-6.58996182872382,-7.227986719158183,-7.233385871498541,-7.230686295328362,-7.295536773495638,-18.035548847153677,3.444475300162404
Pittsburgh Panthers,Notre Dame Fighting Irish,-3.733874789561849,-14.464892542486517,6.997142963362819,-5.539745364561387,-16.686532808385962,5.607042079263188,-3.796286519484921,-14.527983305238367,6.935410266268525,-3.7320446353538443,-14.472056709011886,7.007967438304197,-3.730686178584186,-14.465927161048533,7.004554803880161,-3.941284147519577,-14.935762748864306,7.053194453825153,-3.7319485078936037,-14.470957504599026,7.007060488811819,-3.2207127965356213,-13.779817318000607,7.338391724929365,-5.137727194838273,-15.405217427184006,5.129763037507462,-3.428987351912837,-14.011737964685047,7.153763260859372,-3.2214068198292507,-13.76995692011269,7.327143280454188,-3.217200545446099,-13.76202239272484,7.327621301832641,-4.463243481911337,-14.841089922085754,5.914602958263079,-3.2176352007299087,-13.76833141732053,7.333061015860713,-3.7320446353538443,-3.7321385278483707,-3.731996571623724,-5.137727194838273,-4.029410020422767,-3.700987627314761,-3.8651988238687633,-3.7320446353538443,-14.472056709011886,7.007967438304197
Virginia Cavaliers,Miami Hurricanes,2.812990516843577,-7.918027236081091,13.544008269768245,2.114791060990902,-9.031996382833674,13.261578504815477,2.667162901124925,-8.06453388462852,13.398859686878371,2.8431541286210607,-7.896857945036981,13.583166202279102,2.849055430586617,-7.88618555187773,13.584296413050964,3.382164970566545,-7.612313630778185,14.376643571911274,2.832277555068954,-7.9067314416364685,13.571286551774376,4.189992049930922,-6.369112471534065,14.749096571395908,4.849556649039889,-5.417933583305845,15.117046881385622,3.9645624209511716,-6.618188191821037,14.54731303372338,4.22072136979455,-6.327828730488889,14.769271470077989,4.226451823089397,-6.318370024189344,14.771273670368137,6.0172374097679,-4.360609030406516,16.395083849942317,4.215879083250547,-6.334817133340074,14.766575299841168,2.8431541286210607,2.834369407780052,2.8377158418450072,4.849556649039889,2.7859423662575113,4.526342972260626,3.6561426692590686,2.8431541286210607,-7.896857945036981,13.583166202279102
Louisville Cardinals,Georgia Tech Yellow Jackets,4.869623948623179,-5.861393804301489,15.600641701547847,3.047317805899883,-8.099469637924692,14.194105249724458,4.266380845352238,-6.465315940401208,14.998077631105684,4.893261985061509,-5.846750088596533,15.63327405871955,4.9012953514357225,-5.833945631028625,15.63653633390007,4.136522341391324,-6.857956259953405,15.131000942736055,4.887282677120634,-5.851726319584788,15.626291673826056,5.010413891632595,-5.548690629832391,15.569518413097581,4.584928784957958,-5.682561447387776,14.852419017303692,4.246327692770693,-6.336422920001516,14.829078305542902,5.032138339307437,-5.516411760976002,15.580688439590876,5.036637462439769,-5.508184384838971,15.58145930971851,5.888422617776553,-4.489423822397863,16.266269057950968,5.02909734215339,-5.521598874437231,15.579793558744012,4.893261985061509,4.887865990560261,4.890272331091071,4.584928784957958,4.42881213641207,4.975423733005485,4.702117934708778,4.893261985061509,-5.846750088596533,15.63327405871955
SMU Mustangs,Boston College Eagles,4.694801782408383,-6.036215970516285,15.425819535333051,1.6940267441352326,-9.452760699689343,12.840814187959808,4.2312197640727405,-6.500477021680705,14.962916549826186,4.716112900568385,-6.0238991730896565,15.456124974226427,4.727125707031121,-6.0081152754332265,15.462366689495468,4.327912484745626,-6.666566116599103,15.322391086090356,4.713535143815751,-6.025473852889672,15.452544140521173,4.792465769057987,-5.766638752406999,15.351570290522973,3.561988794485835,-6.705501437859899,13.829479026831569,4.1323164996113615,-6.450434113160847,14.71506711238357,4.812934886948044,-5.735615213335395,15.361484987231483,4.816360190208972,-5.728461657069769,15.361182037487712,5.381871059232363,-4.995975380942053,15.75971749940678,4.809384279624624,-5.741311936965998,15.360080496215245,4.716112900568385,4.71289388345591,4.714824022192068,3.561988794485835,4.157819218111034,4.615331639881313,4.386575428996173,4.716112900568385,-6.0238991730896565,15.456124974226427
California Golden Bears,Stanford Cardinal,-1.1243030514875283,-11.855320804412196,9.60671470143714,-4.192798785454736,-15.33958622927931,6.953988658369839,-1.3898122115068894,-12.121508997260335,9.341884574246556,-1.104502930843715,-11.844515004501757,9.635509142814326,-1.099750830582753,-11.8349918130471,9.635490151881594,-3.0935448010066984,-14.088023402351428,7.900933800338031,-1.1109935306033858,-11.850002527308808,9.628015466102037,-1.3063138505088858,-11.865418371973872,9.2527906709561,-3.8724713849544825,-14.139961617300216,6.395018847391252,-1.678295452791538,-12.261046065563747,8.904455159980671,-1.2840127402435488,-11.832562840526988,9.26453736003989,-1.2840076793523583,-11.828829526631099,9.260814167926382,-3.6480347939325743,-14.02588123410699,6.729811646241842,-1.2910291927708446,-11.841725409361466,9.259667023819777,-1.104502930843715,-1.1098875858793456,-1.1077482307235504,-3.8724713849544825,-1.8736723059265294,-2.0520235849363186,-1.9628479454314238,-1.104502930843715,-11.844515004501757,9.635509142814326
Duke Blue Devils,Michigan Wolverines,4.3493221778386655,-6.3816955750860025,15.080339930763333,3.387331489250761,-7.759455954573815,14.534118933075336,4.1160522867076885,-6.615644499045757,14.847749072461134,4.371233454776034,-6.368778618882008,15.111245528434075,4.383896103395697,-6.35134487906865,15.119137085860045,2.1658279254469743,-8.828650675897755,13.160306526791704,4.369582693080169,-6.369426303625254,15.108591689785591,5.995154414296884,-4.563950107168102,16.554258935761872,3.470297272609955,-6.79719295973578,13.737787504955689,5.953279572225034,-4.629471040547175,16.536030184997244,6.0155441668203,-4.533005933463139,16.56409426710374,6.0341891745664284,-4.510632672712312,16.57901102184517,2.695215340626939,-7.682631099547477,13.073061780801355,6.024827670949282,-4.525868545641339,16.5755238875399,4.371233454776034,4.368508607272641,4.370408073928101,3.470297272609955,3.8776065900708554,5.169786801727832,4.523696695899344,4.371233454776034,-6.368778618882008,15.111245528434075
North Carolina Tar Heels,Louisville Cardinals,-5.595717838185367,-16.326735591110037,5.135299914739301,-8.448303193142038,-19.595090636966614,2.6984842506825366,-5.7084179480568356,-16.440114733810283,5.02327883769661,-5.57071759399976,-16.310729667657803,5.169294479658282,-5.566094134862167,-16.301335117326516,5.16914684760218,-4.714881018296812,-15.709359619641543,6.279597583047917,-5.579935570379735,-16.318944567085158,5.159073426325687,-4.895404082429398,-15.454508603894384,5.663700439035589,-6.170350033881072,-16.437840266226807,4.097140198464662,-5.027232185092448,-15.609982797864657,5.555518427679761,-4.868052059419359,-15.416602159702798,5.68049804086408,-4.865509435029558,-15.410331282308299,5.679312412249183,-5.049308401856525,-15.42715484203094,5.328538038317891,-4.874519619786011,-15.425215836376633,5.67617659680461,-5.57071759399976,-5.578116284356756,-5.5753265821897475,-6.170350033881072,-5.883438185274675,-5.107196545356339,-5.495317365315506,-5.57071759399976,-16.310729667657803,5.169294479658282
Notre Dame Fighting Irish,Duke Blue Devils,-13.916121110662358,-24.647138863587024,-3.18510335773769,-10.714205703939209,-21.860993147763786,0.4325817398853662,-13.62962536181689,-24.361322147570334,-2.8979285760634443,-13.918267628941996,-24.658279702600037,-3.178255555283954,-13.918695580775061,-24.65393656323941,-3.183454598310714,-11.896026029902718,-22.890504631247445,-0.9015474285579881,-13.917495977058657,-24.65650497376408,-3.1784869803532345,-14.456465568248504,-25.015570089713492,-3.8973610467835176,-10.124362428827853,-20.391852661173587,0.14312780351788135,-14.302828057239783,-24.88557867001199,-3.7200774444675737,-14.457468231397566,-25.006018331681005,-3.9089181311141274,-14.455880636107581,-25.00070248338632,-3.911058788828841,-10.24190333864571,-20.619749778820125,0.13594310152870648,-14.455812519124265,-25.00650873571489,-3.905116302533644,-13.918267628941996,-13.917645074359518,-13.917881803000327,-10.124362428827853,-13.130062484728127,-13.21353153994161,-13.171797012334867,-13.918267628941996,-24.658279702600037,-3.178255555283954
Boston College Eagles,Wake Forest Demon Deacons,-6.150971022777327,-16.881988775701995,4.580046730147341,-6.504564541791974,-17.65135198561655,4.642222902032601,-6.119852808157177,-16.851549593910622,4.611843977596269,-6.132737726552156,-16.872749800210197,4.607274347105886,-6.132101313342643,-16.867342295806992,4.603139669121704,-4.965094216613012,-15.959572817957742,6.029384384731718,-6.141495769498778,-16.8805047662042,4.597513227206644,-4.986150859978512,-15.545255381443498,5.5729536614864745,-5.504543406686799,-15.772033639032532,4.762946825658935,-4.95283591972154,-15.535586532493749,5.629914693050669,-4.967829489213816,-15.516379589497255,5.580720611069623,-4.962590736825547,-15.507412584104287,5.582231110453193,-5.678630080540138,-16.056476520714554,4.699216359634278,-4.9691797646000975,-15.519875981190719,5.581516451990524,-6.132737726552156,-6.139326458042726,-6.137116748025467,-5.504543406686799,-6.020973914104723,-5.145965751080921,-5.583469832592823,-6.132737726552156,-16.872749800210197,4.607274347105886
Virginia Cavaliers,NC State Wolfpack,1.9307790124877808,-8.800238740436887,12.661796765412449,2.5751304394531056,-8.57165700437147,13.72191788327768,1.907233087853756,-8.82446369789969,12.638929873607202,1.9633190333069024,-8.77669304035114,12.703331106964944,1.9702892303439405,-8.764951752120407,12.705530212808288,2.97838153546549,-8.01609706587924,13.972860136810219,1.952032320279752,-8.78697667642567,12.691041316985174,3.302675005448549,-7.256429516016437,13.861779526913535,5.169976550712906,-5.097513681632829,15.437466783058639,3.2235122655214656,-7.359238347250743,13.806262878293674,3.3379811516436746,-7.210568948639764,13.886531251927114,3.3420799914383146,-7.202741855840426,13.886901838717055,4.368582405782001,-6.009264034392415,14.746428845956416,3.3303202099328626,-7.220376006657759,13.881016426523484,1.9633190333069024,1.954104899104594,1.9576756767933272,5.169976550712906,2.1824520941701038,3.725018225782825,2.953735159976464,1.9633190333069024,-8.77669304035114,12.703331106964944
Florida State Seminoles,Miami Hurricanes,-8.560569200121519,-19.291586953046185,2.1704485528031494,-9.02000589605492,-20.166793339879497,2.126781547769655,-8.524785283916906,-19.25648206967035,2.20691150183654,-8.550945087997958,-19.290957161656,2.1890669856600837,-8.550140124827681,-19.28538110729203,2.185100857636666,-7.087884680212201,-18.08236328155693,3.9065939211325285,-8.555207896543923,-19.294216893249345,2.1838011001614994,-7.62165178562528,-18.180756307090267,2.937452735839706,-7.933282863030267,-18.200773095376,2.3342073693154672,-7.68513562475535,-18.26788623752756,2.8976149880168585,-7.615192540238736,-18.163742640522173,2.933357560044703,-7.6071161119914095,-18.15193795927015,2.937705735287331,-9.73841788020922,-20.116264320383635,0.6394285599651965,-7.610411631052624,-18.161107847643244,2.940284585537997,-8.550945087997958,-8.55421557737277,-8.55307649227094,-7.933282863030267,-8.407076881382157,-7.973029776700413,-8.190053329041286,-8.550945087997958,-19.290957161656,2.1890669856600837
Stanford Cardinal,Pittsburgh Panthers,-2.353263122977932,-13.0842808759026,8.377754629946736,-3.563622007380032,-14.710409451204608,7.583165436444543,-2.2552691118306774,-12.986965897584124,8.476427673922768,-2.3298969690468327,-13.069909042704875,8.410115104611208,-2.326947665721094,-13.06218864818544,8.408293316743254,-3.695667462920375,-14.690146064265104,7.298811138424354,-2.33953645105471,-13.078545447760131,8.399472545650713,-1.054976246013151,-11.614080767478137,9.504128275451835,-0.29276530757612457,-10.560255539921858,9.97472492476961,-0.9225885722374834,-11.505339185009692,9.660162040534725,-1.0282408493750435,-11.576790949658482,9.520309250908396,-1.0262484229972895,-11.57107027027603,9.51857342428145,-0.8358263673513548,-11.213672807525771,9.54202007282306,-1.0349798126575376,-11.585676029248159,9.515716403933084,-2.3298969690468327,-2.3374110522001423,-2.3347167100507713,-0.29276530757612457,-2.694886112990236,-0.8850893683154263,-1.7899877406528313,-2.3298969690468327,-13.069909042704875,8.410115104611208
California Golden Bears,SMU Mustangs,-7.985615910737456,-18.716633663662122,2.7454018421872117,-8.321270728701627,-19.468058172526202,2.825516715122948,-7.981264602063545,-18.71296138781699,2.7504321836899006,-7.966297001972141,-18.70630907563018,2.773715071685901,-7.9650534048045305,-18.700294387268876,2.770187577659817,-8.319168748441584,-19.313647349786315,2.675309852903146,-7.975163698928131,-18.714172695633554,2.7638452977772916,-7.906303816853059,-18.465408338318046,2.652800704611927,-7.431536153553503,-17.699026385899238,2.8359540787922315,-7.879942699986964,-18.46269331275917,2.7028079127852447,-7.8824340961170325,-18.430984196400473,2.6661160041664065,-7.883220672629111,-18.42804251990785,2.661601174649629,-8.119310296865315,-18.49715673703973,2.258536143309101,-7.890615329557559,-18.44131154614818,2.660080887033062,-7.966297001972141,-7.973032504110565,-7.970730350450136,-7.431536153553503,-8.073404870807002,-7.856194723651791,-7.964799797229397,-7.966297001972141,-18.70630907563018,2.773715071685901
Duke Blue Devils,Virginia Cavaliers,-0.8815179534614348,-11.612535706386103,9.849499799463233,-2.5773148158922217,-13.724102259716798,8.569472627932353,-0.8869685400629859,-11.618665325816432,9.84472824569046,-0.8646188313056768,-11.604630904963718,9.875393242352365,-0.860780898634939,-11.596021881099286,9.874460083829408,-1.834569562029528,-12.829048163374257,9.159909039315203,-0.8703172987709031,-11.609326295476325,9.86869169793452,-0.02798743803014503,-10.587091959495131,10.531117083434841,1.2343931467563587,-9.033097085589375,11.501883379102093,-0.06612037661074943,-10.648870989382958,10.51663023616146,-0.008911641279089721,-10.557461741562529,10.53963845900435,-0.007542745280961327,-10.552364592559702,10.537279101997779,-0.20641643031837548,-10.584262870492791,10.17143000985604,-0.013762228484241135,-10.564458445074862,10.53693398810638,-0.8646188313056768,-0.8693087455432384,-0.86746806503829,1.2343931467563587,-1.25372684287967,0.12909318382182808,-0.5623168295289209,-0.8646188313056768,-11.604630904963718,9.875393242352365
Georgia Tech Yellow Jackets,Florida State Seminoles,-0.14581225967824096,-10.876830012602909,10.585205493246427,-1.7807119223448102,-12.927499366169386,9.366075521479765,-0.15451566571383069,-10.886212451467276,10.577181120039615,-0.11655655726800518,-10.856568630926047,10.623455516390036,-0.11173707489251683,-10.846978057356864,10.62350390757183,-0.77489570382253,-11.76937430516726,10.2195828975222,-0.12779149557725766,-10.86680049228268,10.611217501128165,0.576052862551677,-9.98305165891331,11.135157384016663,1.2386667283942228,-9.02882350395151,11.506156960739958,0.5822788561468002,-10.000471756625409,11.165029468919009,0.6109283519096991,-9.93762174837374,11.159478452193138,0.6104460253000052,-9.934375821978735,11.155267872578746,3.265356089889287,-7.112490350285129,13.643202530063704,0.5995375737766508,-9.95115864281397,11.150233790367272,-0.11655655726800518,-0.12547434685400516,-0.12217402642263142,1.2386667283942228,-0.45886009704245595,1.069038069709763,0.30508898633365356,-0.11655655726800518,-10.856568630926047,10.623455516390036
Notre Dame Fighting Irish,NC State Wolfpack,-7.57990635635947,-18.310924109284137,3.151111396565198,-8.904094502623916,-20.05088194644849,2.2426929412006587,-7.547991782183466,-18.279688567936912,3.1837050035699797,-7.561577563114849,-18.30158963677289,3.178434510543193,-7.560940623753506,-18.296181606217853,3.174300358710841,-10.370511095938355,-21.364989697283086,0.6239675054063749,-7.570389695739878,-18.3093986924453,3.1686193009655446,-6.765169844708456,-17.32427436617344,3.79393467675653,-6.427015442351276,-16.694505674697012,3.840474789994458,-6.665659594673789,-17.248410207446,3.9170910180984198,-6.744217408474535,-17.292767508757976,3.804332691808904,-6.742525630424539,-17.28734747770328,3.8022962168542014,-6.9145534318067785,-17.292399871981196,3.4632930083676374,-6.749388620713945,-17.300084837304567,3.8013075958766764,-7.561577563114849,-7.568203559741925,-7.565983629427363,-6.427015442351276,-8.156487374244778,-6.715504281879045,-7.435995828061912,-7.561577563114849,-18.30158963677289,3.178434510543193
Miami Hurricanes,Boston College Eagles,1.1998013904007827,-9.531216362523885,11.93081914332545,-2.993985717691224,-14.1407731615158,8.152801726133351,0.8034135402179139,-9.928283245535532,11.53511032597136,1.220621050606331,-9.51939102305171,11.960633124264373,1.2306705063737784,-9.504570476090569,11.965911488838126,-1.2487908088167408,-12.24326941016147,9.745687792527988,1.2175633056832247,-9.521445691022198,11.956572302388647,0.5410584442851043,-10.018046077179882,11.10016296575009,-1.5675860799747896,-11.835076312320524,8.699904152370944,-0.009047361876941551,-10.59179797464915,10.573703250895267,0.5653962765856537,-9.983153823697785,11.113946376869093,0.5631585842768221,-9.981663263001918,11.107980431555562,-0.6342017757568493,-11.012048215931266,9.743644664417566,0.555849058710228,-9.994847157880393,11.10654527530085,1.220621050606331,1.2171640632660292,1.2190921781447779,-1.5675860799747896,0.20418475239629513,0.0020895923213182393,0.10313717235880669,1.220621050606331,-9.51939102305171,11.960633124264373
California Golden Bears,Pittsburgh Panthers,-0.36607814255000015,-11.097095895474668,10.364939610374668,-2.4514440493870593,-13.598231493211635,8.695343394437515,-0.47710531420929847,-11.208802099962744,10.254591471544147,-0.3350486195778988,-11.07506069323594,10.404963454080143,-0.32936588595980254,-11.06460686842415,10.405875096504545,-1.0019348812653486,-11.996413482610079,9.99254372007938,-0.3465368581266066,-11.085545854832029,10.392472138578816,0.24989011037879472,-10.309214411086192,10.808994631843781,0.7634337135341819,-9.504056518811552,11.030923945879916,0.12066132372883231,-10.462089289043377,10.703411936501041,0.28557534004136365,-10.262974760242075,10.834125440324803,0.28619260693849213,-10.258629240340248,10.831014454217232,3.6217327372188177,-6.756113702955599,13.999579177393233,0.274857748242356,-10.275838468348265,10.825553964832977,-0.3350486195778988,-0.344257376553577,-0.3407927388522527,0.7634337135341819,-0.7582162501537163,0.8003347971546911,0.021059273500487467,-0.3350486195778988,-11.07506069323594,10.404963454080143
Wake Forest Demon Deacons,Syracuse Orange,-2.455982163732493,-13.186999916657161,8.275035589192175,-4.302743630653068,-15.449531074477644,6.844043813171507,-2.540216840122869,-13.271913625876316,8.191479945630576,-2.4315537884743197,-13.171565862132361,8.308458285183722,-2.427195274575448,-13.162436257039795,8.3080457078889,0.5749894235600861,-10.419489177784644,11.569468024904815,-2.4406792150152095,-13.17968821172063,8.298329781690214,-1.611427439752811,-12.170531961217797,8.947677081712175,-1.8365774884126165,-12.104067720758351,8.430912743933117,-1.732013873871356,-12.314764486643565,8.850736738900853,-1.5848313755362273,-12.133381475819666,8.963718724747212,-1.5820738190059238,-12.126895666284664,8.962748028272816,0.28562468028741467,-10.092221759887002,10.66347112046183,-1.5908798294454503,-12.141576046036072,8.959816387145171,-2.4315537884743197,-2.4388526104493673,-2.4361165017447646,-1.8365774884126165,-2.2890544984304744,-1.3788827351052813,-1.833968616767878,-2.4315537884743197,-13.171565862132361,8.308458285183722
Stanford Cardinal,SMU Mustangs,-10.137430049301098,-20.868447802225766,0.5935877036235695,-12.35623516845903,-23.503022612283605,-1.2094477246344546,-10.050578140446241,-20.782274926199687,0.6811186453072047,-10.124985469596627,-20.864997543254667,0.6150266040614145,-10.126684020723912,-20.86192500318826,0.6085569617404349,-15.344790388687583,-26.339268990032313,-4.350311787342854,-10.1325596457405,-20.871568642445922,0.6064493509649225,-9.52693590947868,-20.08604043094367,1.0321686119863056,-10.270412009819443,-20.537902242165178,-0.0029217774737091418,-9.314295422058224,-19.89704603483043,1.2684551907139845,-9.51154912129557,-20.06009922157901,1.0370009789878694,-9.511171112907416,-20.055992960186156,1.0336507343713244,-12.092356690228005,-22.47020313040242,-1.7145102500535891,-9.516076186975063,-20.066772403565686,1.0346200296155583,-10.124985469596627,-10.130414796340535,-10.129621833232207,-10.270412009819443,-11.181894697565,-9.963256636108914,-10.572575666836956,-10.124985469596627,-20.864997543254667,0.6150266040614145
Clemson Tigers,Louisville Cardinals,-4.8962651172759255,-15.627282870200593,5.8347526356487425,-5.849459829953459,-16.996247273778035,5.297327613871116,-4.9023637148068255,-15.63406050056027,5.82933307094662,-4.874504744724307,-15.614516818382349,5.8655073289337345,-4.872186119729739,-15.607427102194087,5.863054862734608,-5.624663203419757,-16.619141804764485,5.369815397924973,-4.883799781134749,-15.62280877784017,5.855209215570674,-3.937216418725866,-14.496320940190852,6.6218881027391205,-4.440134913074811,-14.707625145420545,5.827355319270923,-3.9293866081212165,-14.512137220893425,6.653364004650992,-3.9132835162810915,-14.46183361656453,6.6352665840023475,-3.9105297205241047,-14.455351567802845,6.6342921267546355,-6.989831765648119,-17.367678205822536,3.388014674526297,-3.918497116959143,-14.469193333549764,6.632199099631478,-4.874504744724307,-4.881688940716179,-4.879152262929528,-4.440134913074811,-5.129034644434966,-4.43412572276205,-4.781580183598508,-4.874504744724307,-15.614516818382349,5.8655073289337345
North Carolina Tar Heels,Virginia Tech Hokies,0.390103684092999,-10.340914068831669,11.121121437017667,-3.215513660464963,-14.362301104289537,7.931273783359613,0.09996529016270372,-10.631731495590742,10.83166207591615,0.4227450306422984,-10.317267043015743,11.16275710430034,0.4308799204206242,-10.304361062043723,11.166120902884971,0.6453224117055039,-10.349156189639226,11.639801013050233,0.41227117558444526,-10.326737821120977,11.151280172289868,0.6853284640882151,-9.873776057376771,11.244432985553201,-0.11215501052738595,-10.37964524287312,10.155335221818348,0.30517578320135286,-10.277574829570856,10.887926395973562,0.7213214344998455,-9.827228665783593,11.269871534783285,0.7229229706149312,-9.82189887666381,11.267744817893671,-0.23227548669891493,-10.610121926873331,10.1455709534755,0.7113388667871234,-9.839357349803498,11.262035083377745,0.4227450306422984,0.4139999526850917,0.41750810311337183,-0.11215501052738595,-0.1163180211223412,0.4002367174235953,0.14195934815062708,0.4227450306422984,-10.317267043015743,11.16275710430034
NC State Wolfpack,Duke Blue Devils,-9.47141135743888,-20.202429110363546,1.259606395485788,-6.4676017542144715,-17.614389198039046,4.679185689610104,-9.226494860651679,-19.958191646405126,1.5052019251017672,-9.48092213294512,-20.22093420660316,1.2590899407129221,-9.480755829808299,-20.215996812272646,1.2544851526560485,-7.777867024591534,-18.772345625936264,3.2166115767531958,-9.475973453669297,-20.21498245037472,1.2630355430361249,-10.160157234375848,-20.719261755840833,0.39894728708913796,-8.217183701847102,-18.484673934192834,2.0503065304986325,-10.1828452158304,-20.765595828602606,0.3999053969418096,-10.169832302554635,-20.718382402838074,0.3787177977288039,-10.168786957524327,-20.713608804803066,0.376034889754413,-9.953637774362866,-20.331484214537284,0.42420866581155003,-10.16590025615489,-20.71659647274551,0.3847959604357314,-9.48092213294512,-9.4772656934654,-9.478364641738798,-8.217183701847102,-8.768718059045613,-9.85976334895001,-9.314240703997811,-9.48092213294512,-20.22093420660316,1.2590899407129221
Virginia Cavaliers,Wake Forest Demon Deacons,4.0007861933621385,-6.7302315595625295,14.731803946286806,4.002735743452796,-7.144051700371779,15.14952318727737,3.7966137198753813,-6.9350830658780644,14.528310505628827,4.030400563799699,-6.709611509858343,14.77041263745774,4.039285998185008,-6.695954984279339,14.774526980649355,5.507011073067487,-5.487467528277243,16.501489674412216,4.0220254259349755,-6.716983570770447,14.761034422640398,4.84498820656699,-5.714116314897996,15.404092728031976,5.329303774440335,-4.938186457905399,15.59679400678607,4.531396485614865,-6.051354127157344,15.114147098387074,4.876347405468625,-5.672202694814814,15.424897505752064,4.87991476534738,-5.664907081931361,15.42473661262612,4.381212941302559,-5.996633498871857,14.759059381476975,4.86948314119415,-5.681213075396471,15.420179357784772,4.030400563799699,4.023124545320455,4.026212994867337,5.329303774440335,4.199836959668212,4.8160923885621285,4.50796467411517,4.030400563799699,-6.709611509858343,14.77041263745774
North Carolina Tar Heels,Clemson Tigers,-3.715045027768948,-14.446062780693616,7.01597272515572,-6.753838378279866,-17.90062582210444,4.392949065544709,-3.9133485198323816,-14.645045305585828,6.818348265921064,-3.6938420392363414,-14.433854112894384,7.0461700344217,-3.687915630736825,-14.423156613201172,7.0473253517275225,-2.9289100103470522,-13.92338861169178,8.065568590997678,-3.7001630892671455,-14.439172085972569,7.038845907438277,-3.4245687331776775,-13.983673254642664,7.134535788287309,-4.568933788367172,-14.836424020712906,5.698556443978562,-3.73224500034355,-14.314995613115759,6.850505612428659,-3.401867883842683,-13.950417984126123,7.146682216440756,-3.3996570105543373,-13.944478857833078,7.145164836724403,-2.187587292721961,-12.565433732896377,8.190259147452455,-3.4071488703453436,-13.957845086935965,7.143547346245278,-3.6938420392363414,-3.699241446752315,-3.6970025642517435,-4.568933788367172,-4.056151813638366,-3.4460012256218175,-3.751076519630092,-3.6938420392363414,-14.433854112894384,7.0461700344217
Louisville Cardinals,Syracuse Orange,3.94588298887321,-6.785134764051458,14.676900741797878,1.9089670785821988,-9.237820365242376,13.055754522406774,3.6409030029862652,-7.0907937827671805,14.372599788739711,3.9757510870252,-6.764260986632841,14.715763160683242,3.984316650574268,-6.750924331890079,14.719557633038615,4.283632097048098,-6.710846504296631,15.278110698392828,3.9670112026640467,-6.771997794041376,14.706020199369469,4.810592219118348,-5.748512302346638,15.369696740583334,4.589473898510675,-5.6780163338350595,14.856964130856408,4.3785401186559305,-6.204210494116278,14.96129073142814,4.840709978401048,-5.707840121882391,15.389260078684487,4.84572756319003,-5.69909428408871,15.39054941046877,4.1926384325004316,-6.185208007673984,14.570484872674847,4.835460622263831,-5.71523559432679,15.386156838854452,3.9757510870252,3.9682404822841812,3.9713811448446235,4.589473898510675,3.6723520153933267,4.641877547520042,4.157114781456684,3.9757510870252,-6.764260986632841,14.715763160683242
Virginia Tech Hokies,Boston College Eagles,0.5226470091498623,-10.208370743774806,11.25366476207453,-2.0000437444634342,-13.14683118828801,9.14674369936114,0.23955302529500244,-10.492143760458443,10.971249811048448,0.5382142131679899,-10.201797860490052,11.278226286826031,0.5456612965556857,-10.189579685908662,11.280902279020033,-1.5832868083611369,-12.577765409705867,9.411191792983592,0.5358869353513604,-10.203122061354062,11.274895932056783,0.8065983699209252,-9.752506151544061,11.365702891385911,-1.2237116112086759,-11.49120184355441,9.043778621137058,0.35962913226656035,-10.223121480505649,10.94237974503877,0.8217254477453864,-9.726824652538053,11.370275548028825,0.824521167273705,-9.720300680005035,11.369343014552445,-1.755025244005849,-12.132871684180264,8.622821196168568,0.8193253648213759,-9.731370851769245,11.370021581411997,0.5382142131679899,0.5356023635562246,0.5370505742596752,-1.2237116112086759,-0.17162401047209577,0.09329466097334684,-0.03916467474937446,0.5382142131679899,-10.201797860490052,11.278226286826031
Georgia Tech Yellow Jackets,California Golden Bears,-4.473984684846086,-15.205002437770755,6.257033068078582,-5.253119073398343,-16.399906517222917,5.893668370426232,-4.468118668172473,-15.199815453925918,6.263578117580972,-4.458460887927141,-15.198472961585182,6.2815511857309,-4.456832808176948,-15.192073790641295,6.278408174287399,-3.9965785045432463,-14.991057105887975,6.997900096801484,-4.465110995123232,-15.204119991828655,6.27389800158219,-3.7237143239722066,-14.282818845437193,6.83539019749278,-3.300340322288626,-13.56783055463436,6.967149910057108,-3.720779513648007,-14.303530126420217,6.861971099124202,-3.706271940619125,-14.254822040902564,6.842278159664314,-3.704593067839676,-14.249414915118416,6.840228779439064,-4.894227719294224,-15.27207415946864,5.483618720880192,-3.710347390918675,-14.261043607509297,6.8403488256719465,-4.458460887927141,-4.4635973440183525,-4.461785941525187,-3.300340322288626,-4.5103150888839245,-3.8228963255115054,-4.166605707197715,-4.458460887927141,-15.198472961585182,6.2815511857309
SMU Mustangs,Miami Hurricanes,0.45676397518174383,-10.274253777742924,11.187781728106412,-2.84203916657039,-13.988826610394966,8.304748277254184,0.2794603261618054,-10.45223645959164,11.011157111915251,0.47813739533336275,-10.261874678324679,11.218149468991404,0.48284918214029915,-10.252391800324048,11.218090164604646,-3.4951563470430216,-14.489634948387751,7.499322254301708,0.47083505021384475,-10.268173946491578,11.209844046919267,1.9245778564961054,-8.634526664968881,12.483682377961092,-1.3391243444137282,-11.606614576759462,8.928365887932006,1.6171076388041588,-8.96564297396805,12.199858251576368,1.9429733116666092,-8.60557678861683,12.491523411950048,1.9514265601583052,-8.593395287120435,12.496248407437045,-2.3631968166767727,-12.741043256851189,8.014649623497643,1.9443142742732213,-8.6063819423174,12.495010490863843,0.47813739533336275,0.4721464007173126,0.47448622277360375,-1.3391243444137282,-0.5955927977974794,0.8111540686154142,0.10778063540896736,0.47813739533336275,-10.261874678324679,11.218149468991404
Notre Dame Fighting Irish,Stanford Cardinal,-3.0431167932144714,-13.77413454613914,7.687900959710197,-4.903753436775187,-16.050540880599762,6.243034007049388,-3.2068849385090807,-13.938581724262527,7.524811847244365,-3.027800504769976,-13.767812578428018,7.7122115688880655,-3.0243024383948987,-13.759543420859245,7.710938544069449,-3.434918498639787,-14.429397099984516,7.559560102704943,-3.0329554515936277,-13.77196444829905,7.706053545111795,-3.313939732449602,-13.873044253914589,7.2451647890153845,-4.490221917621324,-14.757712149967059,5.77726831472441,-3.5730366739170902,-14.1557872866893,7.009713938855119,-3.295577036655006,-13.844127136938445,7.252973063628433,-3.296622920338651,-13.841444767617391,7.2481989269400895,-1.9996731503348115,-12.377519590509227,8.378173289839605,-3.3022398959630506,-13.852936112553671,7.248456320627571,-3.027800504769976,-3.0320437969932432,-3.030377978181802,-4.490221917621324,-3.3819617231281467,-3.324473046754219,-3.3532173849411824,-3.027800504769976,-13.767812578428018,7.7122115688880655
Pittsburgh Panthers,Florida State Seminoles,-1.5165933047186044,-12.247611057643272,9.214424448206064,-3.460309003635783,-14.607096447460357,7.686478440188792,-1.6317928149661682,-12.363489600719614,9.099903970787278,-1.5030044807166476,-12.24301655437469,9.237007592941394,-1.4999515408739565,-12.235192523338304,9.23528944159039,-2.7003708386538983,-13.694849439998627,8.294107762690832,-1.5076115117249262,-12.246620508430349,9.231397484980496,-1.1588810366200342,-11.71798555808502,9.400223484844952,-2.163357315581866,-12.4308475479276,8.104132916763868,-1.3451091355452487,-11.927859748317458,9.23764147722696,-1.143859518802996,-11.692409619086435,9.404690581480443,-1.1428887359840587,-11.687710583262799,9.401933111294682,-0.788955737394919,-11.166802177569334,9.588890702779498,-1.1477684719681225,-11.698464688558744,9.402927744622499,-1.5030044807166476,-1.5067902095085337,-1.505307996220787,-2.163357315581866,-1.9742333564699976,-1.270117135985321,-1.6221752462276595,-1.5030044807166476,-12.24301655437469,9.237007592941394
Boston College Eagles,Notre Dame Fighting Irish,-3.816964518869976,-14.547982271794645,6.914053234054692,-4.356036985401796,-15.502824429226372,6.790750458422779,-3.8334095194317186,-14.565106305185164,6.898287266321727,-3.7968535276298843,-14.536865601287925,6.943158546028157,-3.795623587116749,-14.530864569581096,6.939617395347598,-2.042248895575354,-13.036727496920083,8.952229705769376,-3.8061191075205967,-14.54512810422602,6.932889889184826,-2.555485523598829,-13.114590045063816,8.003618997866157,-2.8568396504969304,-13.124329882842664,7.410650581848804,-2.6087936477290006,-13.19154426050121,7.973956965043208,-2.535884416049745,-13.084434516333184,8.012665684233694,-2.529799184473603,-13.074621031752343,8.015022662805137,-3.850754878949728,-14.228601319124143,6.5270915612246885,-2.5369234100044036,-13.087619626595025,8.013772806586218,-3.7968535276298843,-3.8038901852843017,-3.8014863175752405,-2.8568396504969304,-3.6353223059351536,-2.7820686730431774,-3.2086954894891657,-3.7968535276298843,-14.536865601287925,6.943158546028157
Clemson Tigers,Georgia Tech Yellow Jackets,3.163510652657971,-7.567507100266697,13.894528405582639,2.255869977294739,-8.890917466529835,13.402657421119315,2.8199629760026106,-7.911733809750835,13.551659761756056,3.1870909688040143,-7.552921104854027,13.927103042462056,3.19346269682255,-7.541778285641797,13.928703679286897,1.8000595843399723,-9.194419017004757,12.794538185684702,3.179901268303034,-7.559107728402388,13.918910265008456,3.841234360108208,-6.717870161356778,14.400338881573195,2.75188068280817,-7.515609549537564,13.019370915153903,3.3748053238435727,-7.207945288928636,13.957555936615782,3.8640990591788533,-6.684451041104586,14.412649159462292,3.868715420433455,-6.676106426845285,14.413537267712195,2.214971180585086,-8.162875259589331,12.5928176207595,3.860796090607689,-6.689900125982932,14.41149230719831,3.1870909688040143,3.1809913966468923,3.183496118553524,2.75188068280817,2.7999797320321274,3.3966431596521476,3.0983114458421377,3.1870909688040143,-7.552921104854027,13.927103042462056
Virginia Cavaliers,Virginia Tech Hokies,3.484235947698547,-7.246781805226121,14.215253700623215,3.56153638502427,-7.585251058800305,14.708323828848846,3.229252201410418,-7.502444584343028,13.960948987163864,3.51792046763922,-7.222091606018822,14.257932541297262,3.5262336999882518,-7.209007282476096,14.261474682452599,4.891145990515521,-6.1033326108292085,15.88562459186025,3.507048625386007,-7.231960371319415,14.24605762209143,3.8323714451739317,-6.726733076291055,14.391475966638918,4.773716385295939,-5.493773847049796,15.041206617641674,3.517475814542907,-7.065274798229302,14.100226427315116,3.8705253574055742,-6.678024742877865,14.419075457689013,3.8709638011183074,-6.673858046160433,14.415785648397048,5.009369033673733,-5.368477406500683,15.387215473848148,3.8588803333997888,-6.6918158831908325,14.40957654999041,3.51792046763922,3.5088596851780065,3.5124845465126135,4.773716385295939,3.673910473951748,4.104757452944312,3.8893339634480304,3.51792046763922,-7.222091606018822,14.257932541297262
Florida State Seminoles,SMU Mustangs,-11.998744590229949,-22.72976234315462,-1.2677268373052808,-11.226285406439507,-22.37307285026408,-0.0794979626149317,-11.90956950442716,-22.641266290180607,-1.177872718673715,-11.98968350119684,-22.72969557485488,-1.2496714275387983,-11.989148801883388,-22.724389784347736,-1.253907819419041,-11.85160792155469,-22.84608652289942,-0.8571293202099604,-11.993873115368453,-22.732882112073874,-1.254864118663031,-11.992316710868721,-22.55142123233371,-1.4332121894037346,-10.45029478546019,-20.717785017805923,-0.18280455311445643,-11.952830569942634,-22.535581182714843,-1.3700799571704252,-11.982116270411673,-22.530666370695112,-1.433566170128234,-11.979585206914619,-22.52440705419336,-1.4347633596358786,-11.229417710480437,-21.607264150654853,-0.851571270306021,-11.983192792178777,-22.5338890087694,-1.4324965755881554,-11.98968350119684,-11.992862502169658,-11.991778308282647,-10.45029478546019,-11.851273263014283,-11.652822006608151,-11.752047634811218,-11.98968350119684,-22.72969557485488,-1.2496714275387983
Miami Hurricanes,Louisville Cardinals,-8.387599734486871,-19.11861748741154,2.343418018437797,-9.972778705519808,-21.119566149344383,1.1740087383047673,-8.462880925020638,-19.194577710774084,2.2688158607328077,-8.370564076772315,-19.110576150430354,2.369447996885727,-8.367882324237899,-19.103123306702244,2.3673586582264488,-9.209107942153862,-20.20358654349859,1.7853706591908676,-8.377200288995972,-19.116209285701395,2.36180870770945,-8.353015717933914,-18.912120239398902,2.206088803531072,-7.467381796944503,-17.734872029290237,2.8001084354012313,-8.411920803915274,-18.99467141668748,2.1708298088569347,-8.331778320523892,-18.88032842080733,2.216771779759547,-8.333366411424393,-18.878188258703133,2.2114554358543472,-8.95807788339084,-19.33592432356526,1.4197685567835752,-8.339804507186933,-18.890500723777556,2.210891709403688,-8.370564076772315,-8.375811606123264,-8.373882182884143,-7.467381796944503,-8.735430571026766,-8.313620777331392,-8.52452567417908,-8.370564076772315,-19.110576150430354,2.369447996885727
NC State Wolfpack,Stanford Cardinal,1.2035050598943187,-9.52751269303035,11.934522812818987,-0.8960045043359043,-12.04279194816048,10.250782939488671,0.7846221933313622,-9.947074592422084,11.516318979084808,1.213384143653899,-9.526627930004143,11.95339621731194,1.2179270893023677,-9.51731389316198,11.953168071766715,0.23805494287786166,-10.756423658466868,11.23253354422259,1.2117647425813587,-9.527244254124064,11.950773739286781,0.40983834314838674,-10.1492661783166,10.968942864613373,-2.179860374157103,-12.447350606502837,8.087629858188631,-0.1565361067153983,-10.739286719487607,10.42621450605681,0.4209199459005042,-10.127630154382935,10.969470046183943,0.41923420341499984,-10.12558764386374,10.96405605069374,-1.3900126909992436,-11.76785913117366,8.987833749175172,0.4160130291997266,-10.134683187390895,10.966709245790348,1.213384143653899,1.211645258857986,1.2125744431176289,-2.179860374157103,0.7104648096150376,-0.2943433786011611,0.20806071550693825,1.213384143653899,-9.526627930004143,11.95339621731194
Wake Forest Demon Deacons,California Golden Bears,-2.6508464674543397,-13.381864220379008,8.080171285470328,-5.7002770563332845,-16.84706450015786,5.446510387491291,-2.796877604389019,-13.528574390142465,7.934819181364427,-2.631159939383579,-13.37117201304162,8.108852134274462,-2.6273110778560014,-13.362552060320349,8.107929904608346,-3.8315659965254176,-14.826044597870148,7.1629126048193115,-2.6382617904475243,-13.377270787152947,8.100747206257898,-2.1609768209123423,-12.720081342377329,8.398127700552644,-4.0201526044790015,-14.287642836824736,6.247337627866733,-2.391247243898988,-12.973997856671197,8.19150336887322,-2.1401739626132095,-12.688724062896648,8.40837613767023,-2.137423484921257,-12.682245332199997,8.407398362357483,-4.848159885313853,-15.22600632548827,5.529686554860563,-2.1444030201451323,-12.695099236735754,8.406293196445489,-2.631159939383579,-2.636894818785361,-2.6347108649155517,-4.0201526044790015,-3.2680428474841667,-2.8346481460405406,-3.051345496762354,-2.631159939383579,-13.37117201304162,8.108852134274462
Syracuse Orange,Pittsburgh Panthers,-0.6937928615828994,-11.424810614507567,10.037224891341769,-2.40524389131178,-13.552031335136355,8.741543552512795,-0.8228773096646833,-11.554574095418129,9.908819476088762,-0.675415186333689,-11.41542725999173,10.064596887324353,-0.672400772364659,-11.407641754829006,10.062840210099688,-1.3264656206996617,-12.32094422204439,9.668012980645068,-0.682482496573197,-11.42149149327862,10.056526500132225,-0.5107011193407427,-11.069805640805729,10.048403402124244,-0.810797952064266,-11.07828818441,9.456692280281468,-0.6735942625750102,-11.256344875347219,9.909156350197199,-0.4888722755261483,-11.037422375809587,10.05967782475729,-0.48968111589960905,-11.03450296317835,10.055140731379131,2.141483924590869,-8.236362515583547,12.519330364765285,-0.49642767245040176,-11.047123889041023,10.05426854414022,-0.675415186333689,-0.6810228292136111,-0.678948841453443,-0.810797952064266,-1.0398111626472242,-0.18979863903790134,-0.6148049008425628,-0.675415186333689,-11.41542725999173,10.064596887324353
Duke Blue Devils,North Carolina Tar Heels,2.3619616377862,-8.369056115138468,13.092979390710868,3.4821111080809573,-7.664676335743618,14.628898551905532,2.3702733931548394,-8.361423392598606,13.101970178908285,2.3874876310480513,-8.35252444260999,13.127499704706093,2.393568005490895,-8.341672976973452,13.128808987955242,3.885294720329338,-7.109183881015392,14.879773321674067,2.37908873183871,-8.359920264866712,13.118097728544132,3.385917589524306,-7.1731869319406805,13.945022110989292,6.45855866153999,-3.8089315708057443,16.726048893885725,3.3515403467046294,-7.231210266067579,13.934290959476838,3.414943179605327,-7.133606920678112,13.963493279888766,3.4165514000604578,-7.1282704472182825,13.961373247339198,5.811206863943445,-4.566639576230971,16.189053304117863,3.4071597200000916,-7.14353649659053,13.957855936590713,2.3874876310480513,2.380526501540964,2.3832881814433806,6.45855866153999,2.75139788967557,4.17798253733975,3.4646902135076596,2.3874876310480513,-8.35252444260999,13.127499704706093
