team,home_game_id,away_game_id,off_eff,def_eff,efg_pct,ts_pct,threepar,ftr,adj_off_eff,adj_def_eff,luck
Abilene Christian Wildcats,"[401583590, 401594528, 401600131]",[],92.5304684960358,105.87501569360492,0.4371345029239766,0.4779243906401089,0.2787524366471735,0.3148148148148148,85.2563887687552,113.97478699735652,0.20534022555665454
Alabama A&M Bulldogs,"[401600099, 401583796, 401594553, 401594535]",[],79.80051318531979,112.57205317566144,0.3722702032678747,0.44365702324297,0.2872164960220982,0.3486239454633112,73.8478456181502,120.14087560530923,-0.005591967308834779
Alabama Crimson Tide,"[401577636, 401577643, 401582161, 401577597, 401591434, 401597112, 401597127, 401597143, 401597159]","[401574551, 401591429, 401591430, 401591431, 401591432, 401591433, 401591435, 401584378, 401597119, 401597130, 401597146, 401597150, 401597166]",120.85547660753458,102.07744772602108,0.5802357623392013,0.6233736562675299,0.4786220294804852,0.3712096785874567,105.3115789536817,110.84694285465508,-0.25433905069716145
Alabama State Hornets,"[401600113, 401594542, 401584432, 401583799]",[],82.48791357427856,110.07799953330696,0.4024429629070031,0.4484369939893103,0.372336356134611,0.2658159529523887,77.90072280517569,110.74189225177524,-0.010481511451270421
Alcorn State Braves,"[401583762, 401592370, 401577624, 401594524, 401578013]",[],86.74425781773704,126.05408214356926,0.4464331125401194,0.4769914386573646,0.2389825998295671,0.3755569467262257,82.10122348433453,131.29800542858516,-0.0012008207305607087
American University Eagles,"[401584334, 401584356, 401575483]",[],99.5670827771484,129.64044563512633,0.4737727768311233,0.5042899998869504,0.4016883091446814,0.2682361543634239,90.76211406260552,135.0160635704415,-0.0156016622418296
App State Mountaineers,[],[401581830],107.93899100508408,96.932979931844,0.5098039215686274,0.5644633507853404,0.3333333333333333,0.4509803921568627,109.92505981254048,94.00422475106276,0.24025307335204216
Arizona State Sun Devils,"[401597957, 401607342]","[401581724, 401582154, 401582152]",83.90265681195724,104.45098648844656,0.4203548282042937,0.465968820891965,0.3755034624039823,0.373342854061646,78.64680921820278,107.31399121898347,0.15628915226431606
Arizona Wildcats,"[401576148, 401577644]","[401592391, 401584414, 401591434]",110.2779642534662,100.3784052631269,0.5434160463192722,0.581995132446193,0.3073017341688747,0.3753069492927339,104.8471069643612,96.45799223786996,-0.06854099997585172
Arkansas Razorbacks,"[401581524, 401581521, 401584354, 401597121, 401597124, 401597148, 401597162, 401597164]","[401574555, 401594524, 401594525, 401581855, 401594526, 401580925, 401594527, 401593938, 401594528, 401594529, 401597113, 401597131, 401597137, 401597151]",102.6284747102234,105.88859794332429,0.4964972072393927,0.5483024559079044,0.3269597390616663,0.458409235831579,91.70673982897894,113.06710935250555,0.10215809317471697
Arkansas State Red Wolves,"[401594615, 401584411, 401594611, 401591433]",[],94.2521907075752,111.7983559728798,0.4471321612086816,0.4891418604279234,0.3845147250556024,0.3272173863026306,85.21043878657349,110.8750313362842,0.20953667396763564
Arkansas-Pine Bluff Golden Lions,"[401600442, 401594537, 401584353, 401591372]",[],94.9620088218269,131.38587670002622,0.4636633760591741,0.5242211907925534,0.4419110960199582,0.3938876295400642,91.33071918505598,131.65000576012983,-0.0031523091832602115
Army Black Knights,[401577613],[],96.56733308185588,109.17361637604245,0.5,0.4926108374384237,0.6229508196721312,0.1475409836065573,86.80233376981641,116.00061297287613,-0.13680688860321
Auburn Tigers,"[401582155, 401577616, 401583794, 401582158, 401581830, 401597113, 401597135, 401597146, 401597155, 401597165]","[401574556, 401583795, 401583796, 401583797, 401583798, 401583799, 401583800, 401583801, 401597116, 401597123, 401597138, 401597161]",115.0288932363506,92.51410475812202,0.5320494861486659,0.5792851732942512,0.3916139123228342,0.3691310640742807,101.76979269967195,101.90294654265426,-0.20245101807433907
BYU Cougars,"[401582152, 401593954, 401603405, 401603417, 401603431, 401603458, 401603463]","[401582153, 401593949, 401593950, 401593951, 401593952, 401593953, 401587218, 401593955, 401593956, 401593957, 401593958, 401603398, 401603419, 401603434, 401603440]",116.6851380912178,94.584673168091,0.567071332589485,0.5902652926743225,0.5085619368588908,0.22062596763648,102.66671649583974,108.9002663280922,-0.2486613392201309
Ball State Cardinals,[401588609],[],95.13023782559458,124.12723041117144,0.5283018867924528,0.5446058091286307,0.3962264150943396,0.2075471698113207,91.58533127426608,127.84079964806324,-0.019562303872579522
Baylor Bears,"[401576155, 401592434, 401582118, 401581799, 401603403, 401603421, 401603430, 401603450]","[401583794, 401610179, 401602630, 401581803, 401584438, 401602358, 401574569, 401604912, 401598580, 401603405, 401603412, 401603439, 401603452, 401603460]",118.80651719994412,101.40334352959756,0.5683601493734179,0.6072225251602432,0.3730162347431971,0.3965006437321092,105.17284045076484,111.61269517350924,-0.1876723840304948
Bellarmine Knights,"[401598960, 401598958, 401575472, 401593957]",[],94.34985871043288,112.77793810266188,0.4717784718062804,0.5084923732138741,0.3678270566715799,0.177942714934026,87.95367149124138,119.27006291174196,-0.03241089107939225
Bethune-Cookman Wildcats,"[401574616, 401606614, 401574626]",[],77.38417803127255,115.13691100738868,0.3830836359967716,0.4195697677159581,0.2594430992736077,0.2034957627118644,76.1972861399344,122.21312950592292,-0.0012573425113552932
Binghamton Bearcats,"[401574591, 401574590]",[],83.4677691192375,112.50591505847213,0.4454840705227343,0.4793114553752353,0.4218991648623569,0.2607485307763687,77.95853725781717,113.32027665297822,-0.009900990099009901
Boise State Broncos,"[401583761, 401581336]",[401581571],94.00046679889404,113.75205376103224,0.4535850845061371,0.5013830955499152,0.4135579332947754,0.2809298888246256,86.76603516026664,114.6069035911015,-0.05133866077986924
Boston College Eagles,"[401593809, 401581585, 401574558, 401604108, 401604118, 401604120, 401604145, 401604153]","[401576156, 401593790, 401581739, 401581584, 401604089, 401592106, 401593810, 401583793, 401593811, 401604099, 401604127, 401604134, 401604158, 401604170]",107.42200501640048,103.02016292847908,0.5291840699094489,0.5633995339963946,0.3604563986535384,0.2774384060831983,97.70497745746935,113.72545927766728,-0.05588581814013627
Boston University Terriers,[401597961],[],67.618332081142,98.9247311827957,0.3173076923076923,0.3755006675567423,0.4807692307692308,0.3461538461538461,68.44341658928421,117.8524146713014,-0.0039652856191522015
Brown Bears,[401577663],[],79.149871747893,105.6011416339636,0.4519230769230769,0.4750175932441942,0.3461538461538461,0.2115384615384615,79.51685244615452,114.40436324158551,-0.009900990099009901
Bryant Bulldogs,"[401600448, 401594547, 401603539, 401577607]",[],83.90149224280528,109.8533052626734,0.4505468278957594,0.4630631050236549,0.4316144123623858,0.171280788727362,80.59139348256991,116.91300629019042,-0.008343747530102525
Bucknell Bison,"[401576150, 401594483]",[],100.77978178670584,118.2481934651655,0.5668518518518519,0.5939871886532198,0.4785185185185185,0.2488888888888888,94.34692869579504,118.0385176568171,0.418168175244848
Buffalo Bulls,[401581166],[],81.04395604395604,101.05263157894736,0.4354838709677419,0.4502442002442002,0.4193548387096774,0.1290322580645161,74.699866131595,103.1223668737136,-0.0477267210342039
Butler Bulldogs,"[401574577, 401581571, 401599445, 401599470, 401599481, 401599491, 401599500, 401599513, 401599519]","[401581567, 401574559, 401581162, 401581163, 401581164, 401581165, 401581166, 401581167, 401581168, 401599438, 401599474, 401599485, 401599495, 401599504]",109.31443251878332,102.21793802257449,0.5230898966671615,0.5664303442194829,0.3620512612740563,0.2972434321928698,97.9529989820642,111.3030130863934,-0.12390077894388762
Cal State Fullerton Titans,"[401574836, 401575462]",[],74.41117644047328,117.2962171308975,0.3302945301542777,0.3997252643323852,0.3839410939691444,0.2847124824684431,72.51021481987604,123.10739261797328,-0.008833778249813342
California Golden Bears,"[401578030, 401581167]",[],104.30249688361728,118.84947355785437,0.5193713450292398,0.5397576051291422,0.4320175438596491,0.1154970760233918,96.1085533215008,120.94109073175244,-0.12377068106893543
Campbell Fighting Camels,[401584330],[],71.42857142857143,95.04950495049503,0.3235294117647059,0.3790489317711923,0.3725490196078431,0.3137254901960784,67.06602430693447,97.06873458076448,-0.024503367550335983
Canisius Golden Griffins,"[401586910, 401577555]",[],109.76738932500616,125.0588656962064,0.5924744897959184,0.6017031033536004,0.4167729591836734,0.2348533163265306,104.91382909627978,131.81119412921635,-0.0661140613371956
Central Arkansas Bears,"[401574410, 401574421, 401574412, 401574420]",[],89.72014201621636,124.72084231362834,0.4673377046945889,0.5017858197833119,0.4025218081274218,0.2416868683918453,83.73801406294962,133.9272603751659,-0.0037443015571034933
Central Connecticut Blue Devils,[401592106],[],88.15219438689019,111.41304347826087,0.47,0.5147835269271384,0.34,0.31,80.61896206558562,115.69791515159676,-0.03828650388225474
Central Michigan Chippewas,"[401586905, 401577637, 401584349, 401577595]",[],85.99293799887063,131.71900612252833,0.4560777942092154,0.4776018701551969,0.3277815613325031,0.3315253346824408,81.5914947742893,134.10124975138712,-0.0005953075413628632
Chaminade Silverswords,[],"[401581601, 401575875]",74.11210954214806,124.56988031322616,0.3685483870967742,0.4012677478138888,0.4714285714285714,0.1377880184331797,72.0167527443258,130.7979329138309,-0.00015846420436223715
Charleston Southern Buccaneers,"[401583591, 401581090, 401583599, 401592851]",[],89.84338405438791,125.61296705888482,0.461376935831804,0.4981904573779665,0.3783856933578029,0.2059200835506616,87.36717716549485,127.08241513772684,-0.003535589148648061
Charlotte 49ers,[401576153],[401614679],89.77257991311677,112.44262061210276,0.4484265734265734,0.4801448959177434,0.2983682983682983,0.275058275058275,89.28320731094084,114.6215086516849,-0.04275841114653605
Chattanooga Mocs,"[401594561, 401583800]",[],102.00023974569623,117.86234033481026,0.5040983606557377,0.5344594264721139,0.5491803278688525,0.2868852459016393,95.2497024361261,120.24180230372728,0.44675978479797757
Chicago State Cougars,"[401581722, 401584416, 401598975, 401600246, 401597893]",[],91.62795474050468,113.10927999819272,0.4062692500938327,0.4578401421474677,0.328199997361892,0.3310184271840236,83.39129105273982,121.68454530780429,0.14790855067262512
Cincinnati Bearcats,"[401603538, 401577610, 401603398, 401603412, 401603433, 401603451, 401603456]","[401603537, 401577706, 401583753, 401593971, 401594230, 401593872, 401603539, 401577537, 401583788, 401600237, 401587222, 401603406, 401603420, 401603426, 401603441]",108.0531709659885,96.0411395747408,0.50316654058245,0.5349973754936912,0.3454436670479904,0.3003139993214087,95.49283804767838,106.23719833323928,-0.2325733244202316
Clemson Tigers,"[401583760, 401574551, 401604094, 401583604, 401604103, 401604119, 401604137, 401604148, 401604171]","[401583759, 401583849, 401583761, 401583762, 401583763, 401578015, 401583723, 401583764, 401604106, 401604120, 401604128, 401604159, 401604162]",113.38952636946252,103.91237761126268,0.5334533341104245,0.5765335782158366,0.3918292409685387,0.3105245153310283,102.80754664939424,111.73680569370607,-0.14504271592861762
Colgate Raiders,"[401586911, 401584515]",[],90.623085101743,107.73709534357084,0.5045765027322404,0.5092170543910838,0.3229508196721311,0.1575136612021858,86.94811120509266,111.17749399419998,-0.081831824755152
Colorado Buffaloes,[401583792],[401603138],103.72890775850126,93.09818090119202,0.5124007936507937,0.5501511651942068,0.2976190476190476,0.2331349206349206,97.22151673713,98.88949631290912,-0.41816817524484806
Colorado State Rams,"[401581584, 401581586]",[],112.30711000402276,87.94588235910575,0.5714285714285714,0.5856577683957458,0.3174603174603174,0.1111111111111111,105.0719543833757,88.84021588692767,0.021896998648233357
Columbia Lions,[401581156],[],74.51847173981686,99.967958987504,0.3380281690140845,0.3845151199165798,0.3661971830985915,0.1830985915492957,74.86397881631048,108.30158192956522,-0.012432735254442407
Coppin State Eagles,"[401584329, 401589736, 401577626, 401575487]",[],72.0710618900404,110.5612918984135,0.3903514734902151,0.423413593578773,0.254813072743492,0.1898045099152304,66.21618404088612,118.4487868973576,-0.0025055926672857345
Cornell Big Red,"[401586912, 401598580]",[],99.44864371699096,122.52944454347798,0.5133039092055485,0.5298512899465659,0.4505674653215636,0.2701134930643127,93.27057364215122,123.33221786599566,-0.030653430031715508
Creighton Bluejays,"[401574837, 401574560, 401577596, 401599448, 401599469, 401599479, 401599493, 401599496]","[401574574, 401577597, 401577591, 401577592, 401577593, 401577594, 401581586, 401577595, 401599440, 401599475, 401599486, 401599499, 401599505, 401599513]",115.20507020627976,98.14293656004236,0.5688111531829277,0.5997375773015059,0.4820232525864372,0.2635263393781417,100.9772984255028,106.64438987896024,-0.20242312156734188
Dartmouth Big Green,"[401576147, 401594555]",[],79.93569357951571,117.861513044328,0.3997641509433962,0.4470956965899954,0.3682614555256065,0.2272574123989218,73.1291379016439,122.49983216887298,-0.001991289170728319
Davidson Wildcats,[401583849],[401583847],99.97152180593484,101.0812585928444,0.4917091836734694,0.5307114120913743,0.3762755102040817,0.3660714285714285,95.146474094161,105.23472395261317,0.0
Dayton Flyers,"[401577531, 401581342, 401581549, 401577537]",[401581545],111.98827118034396,111.01503354310312,0.5523130365075654,0.6137290667234875,0.4624016054867119,0.4460285914693209,109.05131559769714,112.52705545938092,0.04268836623770722
DePaul Blue Demons,"[401575513, 401601488, 401599471, 401599476, 401599484, 401599495, 401599505, 401599518]","[401597892, 401581723, 401592850, 401574561, 401587157, 401597890, 401597891, 401588596, 401599444, 401597893, 401599479, 401599492, 401599501, 401599509, 401599514]",92.7734628648607,115.0979082555051,0.4788327419243895,0.5238710587318116,0.3459673130532568,0.3547590160519299,87.01625759474085,120.39396278352672,0.0818567618158095
Delaware Blue Hens,[401577609],[],119.05576462538488,107.56302521008404,0.5703125,0.6085618354784554,0.28125,0.265625,111.99121213693768,112.39852431664929,0.16633753081656188
Delaware State Hornets,"[401581093, 401600439, 401583725]",[],70.76580713197144,113.7655793743338,0.3867834143257871,0.4210767546204717,0.2175964336981286,0.2434152476525357,67.48259636126735,115.44042729416624,-0.000999000999000999
Denver Pioneers,[401593955],[],94.75032010243278,119.64107676969094,0.4632352941176471,0.4930703624733475,0.3382352941176471,0.2352941176470588,94.38135879041624,114.37932197240742,-0.024503367550335983
Detroit Mercy Titans,"[401583595, 401581721, 401594543, 401583753]",[],91.8153468488665,121.2311291075694,0.4657829486525963,0.5036127494677064,0.3560309468259959,0.3052353626896446,86.16975052083751,123.9063599514784,-0.008833778249813342
Drexel Dragons,"[401575474, 401604303]",[],92.96310930708718,99.36249344940396,0.5155529953917051,0.5184448139186496,0.3406846609611587,0.0628703094140882,86.12170405419918,107.34422775965552,0.11313682015314308
Duke Blue Devils,"[401576149, 401574555, 401604090, 401604110, 401604115, 401604144, 401604155, 401604165]","[401576147, 401576148, 401576150, 401576151, 401576152, 401576153, 401576154, 401576155, 401574497, 401604100, 401604121, 401604136, 401604148]",115.93771962567862,98.92195115549892,0.5530377125576657,0.5933157917822272,0.3642914028651677,0.36606351875229,101.36808559027452,107.57902556485914,-0.15786549813979178
Duquesne Dukes,[401574835],[],123.29301599687864,141.88919888401753,0.5079365079365079,0.5604426787741202,0.4603174603174603,0.2698412698412698,116.089718590299,143.7239984605507,-0.09090909090909091
East Carolina Pirates,[401575754],[401583616],92.45166494616844,103.92220773576706,0.4478885893980233,0.4835546319004056,0.3349805330937406,0.3122192273135669,87.72603086929516,104.42467204158686,-0.2198703960068415
East Tennessee State Buccaneers,[401581164],[],64.25153793574846,109.12765240821828,0.3448275862068966,0.3662718204488778,0.4137931034482758,0.2413793103448276,59.22195209654307,111.3627783054376,-0.00039794874430487676
East Texas A&M Lions,"[401575509, 401588943, 401597885, 401578016]",[],70.40201235083099,112.58855439700172,0.3770343199257947,0.3913401275169372,0.4739826978237679,0.143077029769099,66.18420318697581,111.42271613870496,-0.0014105450967152602
Eastern Illinois Panthers,"[401584510, 401575454, 401575450]",[],78.48121560302462,111.37416588369622,0.4054382745483356,0.4287326738015893,0.3146887838898762,0.1730075474060909,78.77060322442556,111.5741474511026,-0.005382566456058338
Eastern Kentucky Colonels,"[401577646, 401591435]",[],80.35322081769272,128.50537798142278,0.4005729291000238,0.425362354994414,0.3652423012652184,0.1875149200286464,75.89554549488534,119.2328519587725,-0.0002817588826838767
Eastern Michigan Eagles,"[401577631, 401581162]",[],85.27954181257047,123.18960649314572,0.4026075619295958,0.438643081079617,0.31877444589309,0.2501955671447197,75.14793043840852,126.94027125798368,-0.0015823852808017208
Eastern Washington Eagles,"[401593970, 401593971]",[],91.49002345706045,108.22748571763016,0.4784482758620689,0.5190081275279879,0.3879310344827586,0.3103448275862069,87.13490721221507,110.84733535276423,-0.0661140613371956
Elon Phoenix,"[401581088, 401588317]",[],85.26692931281116,118.53597541299712,0.4496610169491525,0.4882045209172974,0.3349152542372882,0.265593220338983,83.07784695819618,118.73857101331228,-0.0031523091832602115
Evansville Purple Aces,"[401587218, 401587222]",[],81.03644961860434,117.1796572136969,0.4054336468129571,0.4228705665411174,0.3231452455590387,0.1878265412748171,80.09663239402482,115.8892777887419,-0.0011207609398445966
Fairfield Stags,[401576156],[],91.89366590088612,115.3970826580227,0.4558823529411764,0.4747693977211069,0.3970588235294117,0.1911764705882352,84.04069821355344,119.83517783278958,-0.012432735254442407
Fairleigh Dickinson Knights,"[401584517, 401587127]",[],78.3107087265796,123.32086832306786,0.3982142857142857,0.4365464819568753,0.4654761904761905,0.2583333333333333,75.15303999538533,123.78743401050367,-0.000707444951712889
Florida A&M Rattlers,"[401574831, 401598901, 401575750, 401592853, 401575449, 401575468, 401577591]",[],80.27186869902387,124.44181408983724,0.4196575713618781,0.4431806768379769,0.2767768546812664,0.1922893172420483,77.8591794924849,125.85652995761004,-0.0007680342799908187
Florida Atlantic Owls,"[401581569, 401580310, 401581165]",[401581565],125.38940621750494,112.05533897518144,0.6147939330186097,0.6514797212151564,0.4059014949370553,0.3431727216748768,118.11608726167174,113.2229930077417,-0.14377468017814643
Florida Gators,"[401581800, 401574554, 401575755, 401597120, 401597132, 401597141, 401597160, 401597168]","[401575426, 401575751, 401575749, 401575750, 401582118, 401575752, 401575753, 401575754, 401575756, 401575757, 401597109, 401597124, 401597147, 401597154]",112.34834143810824,102.2216974353084,0.5168814789608516,0.5538663766522588,0.3547328986462973,0.3716055682587783,100.56974479497836,112.1264045931837,-0.1509776267574019
Florida Gulf Coast Eagles,"[401577553, 401577612, 401600443, 401593872]",[],93.71962993368528,121.68106127374148,0.4858920859778839,0.5007768358022793,0.3530450500556173,0.1834988222207681,89.19374838701769,125.9331550639248,-0.0131597265477055
Florida International Panthers,"[401588937, 401575460]",[],96.79290146726208,118.57536230949292,0.4662121666167216,0.5221498797279669,0.4238837278993107,0.3967635600839077,94.61873254281257,125.44215537766246,-0.03426555128482499
Florida State Seminoles,"[401575751, 401586906, 401603138, 401604092, 401604124, 401604131, 401604142, 401604164, 401604170]","[401586904, 401586905, 401574557, 401577577, 401586907, 401584346, 401586908, 401586909, 401604102, 401604107, 401604113, 401604137, 401604150]",101.83684697759068,100.83789443111414,0.4966527550818581,0.5364222646871376,0.3155717453894112,0.3656423943246935,92.94372522358982,108.9545618604364,-0.0287505638922686
Fordham Rams,[401586895],[],66.78809957498483,95.03239740820732,0.2711864406779661,0.3904031800113572,0.3050847457627119,0.4406779661016949,62.80938582289811,97.49596600156843,-0.006270012341433838
Fresno State Bulldogs,[401593953],[],80.25797205302759,120.95339736748488,0.5106382978723404,0.5494505494505494,0.2553191489361702,0.1914893617021276,79.9454444896752,115.6339273657962,-0.0012573425113552932
Furman Paladins,[401594527],[],102.46913580246914,127.67357683448505,0.4657534246575342,0.5073349633251834,0.4383561643835616,0.273972602739726,91.17382661250556,138.77649047749105,-0.03828650388225474
Gardner-Webb Runnin' Bulldogs,"[401594525, 401602630]",[],81.96793318708464,108.6935481568966,0.3884742951907131,0.4198543499668187,0.2865878938640133,0.257773631840796,74.54577316812288,110.1423709393128,-0.021896998648233378
George Mason Patriots,[401575520],[],93.98362406550376,119.25976696367374,0.5267857142857143,0.5424063116370809,0.4464285714285714,0.1964285714285714,94.990992661739,117.9072545663872,-0.007880683850330283
George Washington Revolutionaries,[401581076],[],103.39506172839506,140.54480852743782,0.5083333333333333,0.5273929471032746,0.3666666666666666,0.1333333333333333,100.74305388157435,142.74313189540732,-0.006270012341433838
Georgetown Hoyas,"[401575488, 401574575, 401599438, 401599443, 401599488, 401599494, 401599507]","[401575486, 401574565, 401575479, 401575480, 401575482, 401575483, 401575484, 401575485, 401575487, 401599469, 401599476, 401599480, 401599500, 401599515]",103.85762805778772,109.9560517504042,0.4907107389332213,0.5367507854852188,0.4133914291058803,0.3807209468577028,93.51741121106664,122.60753963892806,0.12162286526959842
Georgia Bulldogs,"[401581515, 401574557, 401581587, 401597114, 401597133, 401597142, 401597154]","[401581089, 401594533, 401590879, 401581516, 401594531, 401594532, 401594534, 401594349, 401584347, 401594535, 401597121, 401597126, 401597149, 401597159, 401597167]",104.65258398069032,101.68701398299662,0.5038318135074014,0.5516022021422594,0.3966831387229403,0.4164653284967117,94.5985032252106,111.91345335566976,-0.0068748949904122725
Georgia Southern Eagles,"[401594618, 401592392, 401575522]",[],77.57416849593189,112.70651619401396,0.413085744664692,0.4442076180560253,0.4325510746563378,0.1877117035011772,73.82938472105583,116.83078696019466,-0.004280262941938155
Georgia State Panthers,[401593956],[],79.64601769911505,124.2325749368003,0.4259259259259259,0.4694019471488178,0.3888888888888889,0.1481481481481481,79.33587310904518,118.76888834351658,-0.0006305594883398933
Georgia Tech Yellow Jackets,"[401603537, 401594533, 401608453, 401581339, 401581554, 401604102, 401604121, 401604128, 401604149, 401604166]","[401594618, 401604272, 401582018, 401574547, 401604090, 401600099, 401581559, 401604108, 401604114, 401604138, 401604143, 401604156, 401604173]",101.5586538965382,107.0781128379726,0.4883441762795514,0.523815310499785,0.4063348233389264,0.3134967198235537,94.9220214234942,114.75299538654772,0.17562553387051139
Gonzaga Bulldogs,[],"[401581596, 401575874, 401591373]",94.30098076653428,99.32073875662006,0.4501690053631376,0.4814892919199415,0.3265526488168345,0.2197914107917792,91.47623523881197,96.54013892998324,0.0
Grambling Tigers,"[401575756, 401575446]",[],68.15812147988984,136.26256978713403,0.3555965210814898,0.3759169468631597,0.2411608999810928,0.16383059179429,66.4310474347042,137.3475611522845,-1.9952225050461358e-05
Grand Canyon Lopes,[],[401601489],100.25801695539992,118.85895404120444,0.4411764705882353,0.5407124681933843,0.3137254901960784,0.5294117647058824,97.68647201671756,120.71807938990192,-0.1663375308165619
Green Bay Phoenix,"[401575443, 401584355]",[],69.99560887806095,122.40815002485668,0.3722826086956521,0.4097724412359658,0.6444099378881987,0.2146739130434782,71.48715119335827,124.42465030004138,-0.00017779632384970403
Harvard Crimson,"[401581739, 401577615]",[],96.2493023722776,112.34782755061494,0.4836748633879781,0.526046290332875,0.3969945355191256,0.2237704918032786,87.21482413570257,118.15501253778882,-0.07358755611757352
Hawai'i Rainbow Warriors,[],"[401581554, 401581560]",85.28799396477297,104.608999469408,0.4145913154533844,0.4630661385826461,0.483397190293742,0.3173690932311622,78.23821753098747,110.11331449185384,-0.10088262835672335
High Point Panthers,[401594534],[],83.42322905429701,100.11376564277587,0.2945205479452055,0.3564405113077679,0.4931506849315068,0.2602739726027397,77.29436054571119,106.71527560706608,-0.13680688860321
Hofstra Pride,"[401576154, 401587134]",[],110.10133422622783,122.57336337463386,0.5848214285714286,0.5991890766973305,0.4642857142857143,0.1398809523809523,104.16087378286916,121.61917847028248,-0.0477267210342039
Holy Cross Crusaders,"[401593810, 401575480, 401587133]",[],90.4583837666551,125.5238847472229,0.4747915024954032,0.5190549957899072,0.4316719201470975,0.3082807985290254,81.09679919552052,131.12074625477325,0.3304132406821791
Houston Christian Huskies,"[401575515, 401593949, 401603541, 401578014, 401583729]",[],74.91120623481235,120.08754243004508,0.4055620543672014,0.4346387760725647,0.2548930481283422,0.2580514705882353,71.69936851578639,122.22465485885648,-0.0005009361708135986
Houston Cougars,"[401581343, 401581548, 401574562, 401603407, 401603415, 401603434, 401603446, 401603453]","[401575440, 401575434, 401575435, 401575436, 401581549, 401575437, 401575438, 401575439, 401575441, 401575442, 401603399, 401603423, 401603427, 401603442, 401603461]",114.1997400737242,83.65698307611704,0.4987843699789422,0.5310291308587122,0.3574090294750447,0.3025448968950004,100.76200562869272,96.08288087883224,-0.0798400923218866
Howard Bison,"[401604272, 401600449]",[401603538],104.27560187114842,114.4782378829575,0.5386363636363637,0.5716202661897075,0.3606060606060606,0.3181818181818182,99.39251121630204,126.85027411323426,-0.09090909090909091
IU Indianapolis Jaguars,[401594216],[],85.92200925313945,140.52173913043478,0.4453125,0.4632269099201824,0.203125,0.21875,82.72023555355963,144.725790133754,-0.0002511255632614618
Idaho State Bengals,[401575445],[],78.06955287437899,115.39138082673703,0.5116279069767442,0.5220197418375095,0.4418604651162791,0.5116279069767442,81.92822870136482,118.08077501044156,-0.0007936977781692436
Illinois Fighting Illini,"[401600296, 401575521, 401600313, 401600338, 401600349, 401600358]","[401584510, 401584511, 401574573, 401584512, 401584513, 401584514, 401580310, 401584515, 401584516, 401584517, 401600307, 401600325, 401600330, 401600344, 401600352, 401600369]",113.96053250462954,96.91807937776208,0.5287749893110383,0.5683687181178708,0.3904941894584086,0.3522081728455815,102.29098344796157,107.03252732413932,-0.1925541523044485
Illinois State Redbirds,[401580112],[],92.65387160820649,136.02550478214664,0.379746835443038,0.4026691210308329,0.4430379746835443,0.2278481012658227,85.92054059055776,128.95413408230772,-0.0025055926672857345
Incarnate Word Cardinals,[401583724],[],70.95343680709534,115.90385248600592,0.328125,0.3777657852131678,0.359375,0.359375,67.7787542829911,117.42653323819296,-0.0006305594883398933
Indiana Hoosiers,"[401601490, 401600299, 401600309, 401600320, 401600340, 401600352, 401600371]","[401577612, 401577613, 401577614, 401591374, 401577615, 401600294, 401577616, 401575457, 401577617, 401577618, 401577619, 401600315, 401600326, 401600335, 401600359, 401600367]",104.98812065048786,104.81541132090295,0.5224890886051518,0.5590932640412514,0.2773005947345386,0.4198779389641215,94.9772964878722,111.40535827097068,0.14656642702454808
Indiana State Sycamores,"[401594427, 401591430]",[],107.31368854726456,130.0147078578539,0.582588546838795,0.6011540733450087,0.5523005627275737,0.3944058258854683,101.67140357544493,125.72142806676544,-0.019562303872579522
Iowa Hawkeyes,"[401574574, 401600298, 401575447, 401600306, 401600332, 401600353, 401600359]","[401597398, 401600113, 401594611, 401586849, 401586852, 401584341, 401600304, 401598901, 401582137, 401588613, 401600316, 401600327, 401600343, 401600350, 401600364]",112.24561731724413,105.12012286403008,0.5280578606066698,0.5715422032862959,0.3016161668121302,0.322847241376168,100.38885498115935,112.60917791111474,-0.16114511361272876
Iowa State Cyclones,"[401581566, 401581335, 401574561, 401603402, 401603419, 401603429, 401603452, 401603462]","[401575447, 401581570, 401575443, 401575444, 401575445, 401575446, 401575448, 401575449, 401575450, 401574615, 401603407, 401603413, 401603438, 401603443]",109.01265692558329,89.77893178651699,0.5239291184940517,0.5638503489877976,0.3425578733588494,0.3987913861083501,96.61049211271188,103.72789339775514,-0.16470384932093363
Jackson State Tigers,"[401581725, 401583817, 401575439, 401575484]",[],95.34646459654468,116.33707734401908,0.4874281609195402,0.5182471012541925,0.3523938635520949,0.3363552094920282,89.17299981031297,119.2932660126605,0.1995878577870241
Jacksonville Dolphins,"[401577554, 401577645, 401575465, 401577606]",[],73.02176789021098,125.37659574650708,0.3611481720034352,0.4067242541273136,0.3011823702613176,0.2908462151883204,71.20551774767885,128.1475914377792,-0.00010591415352156219
Jacksonville State Gamecocks,"[401584415, 401575471]",[],88.2561872452813,111.75225262031928,0.4727301387137452,0.4880628189197049,0.3573455233291298,0.158890290037831,81.12122942263113,117.03214878323809,-0.03828650388225474
James Madison Dukes,[401581835],[],91.54113557358052,89.3329415221863,0.4264705882352941,0.4917828685258965,0.4264705882352941,0.4117647058823529,88.97673967191528,90.70904070226976,0.33386057541687786
John Brown Golden Eagles,[401610179],[],93.3955970647098,130.43478260869566,0.5483870967741935,0.5566157760814249,0.4193548387096774,0.032258064516129,86.77616140509494,122.47174426374556,-0.0025055926672857345
Kansas City Roos,"[401581803, 401575455]",[],92.20451180210785,133.97620894174312,0.4520807061790668,0.4771001113924751,0.3962168978562421,0.1819672131147541,88.6102692396156,129.73849462001493,-0.0014105450967152602
Kansas Jayhawks,"[401575457, 401575875, 401581595, 401603411, 401603422, 401603432, 401603443, 401603459]","[401575453, 401581599, 401575456, 401575451, 401575452, 401575454, 401574563, 401575455, 401575458, 401575459, 401603400, 401603414, 401603433, 401603447, 401603453]",111.26694251509876,94.9425332589214,0.5678436749694467,0.6005180367440609,0.3002566781863494,0.3164982331863423,101.38187604313669,105.8137069769108,-0.14699823263724598
Kansas State Wildcats,"[401581517, 401584431, 401581588, 401603409, 401603416, 401603438, 401603442, 401603454]","[401574838, 401598958, 401590207, 401581158, 401574412, 401594603, 401587115, 401574568, 401577590, 401598975, 401603401, 401603421, 401603428, 401603448, 401603459]",101.56086202797826,97.40964941416858,0.4978548564956899,0.5439998197483761,0.4213421824930094,0.3656908592608972,92.86377101229466,105.58833242999953,-0.03549142650805026
Kennesaw State Owls,"[401586904, 401577619]",[],93.22100630609152,114.10150604627016,0.4591243110838947,0.5000976913609608,0.4276382935292917,0.2447438252704633,85.20254213100904,122.97542978162342,-0.009900990099009901
Kentucky Wildcats,"[401588941, 401575453, 401597109, 401597129, 401597144, 401597151, 401597171]","[401574549, 401581147, 401588940, 401588943, 401588944, 401577544, 401581847, 401588945, 401588946, 401580112, 401597118, 401597136, 401597142, 401597160, 401597163]",117.67056152808632,101.5998057602372,0.5708860372862037,0.6027599847618915,0.3733637554466693,0.2873445873907455,102.75093172404178,110.2804982634697,-0.1865483236376475
LSU Tigers,"[401581550, 401574545, 401583730, 401597111, 401597123, 401597149, 401597150]","[401584408, 401584429, 401581342, 401581546, 401584340, 401584430, 401584431, 401584432, 401581792, 401584433, 401597117, 401597134, 401597139, 401597164]",106.50404174862504,99.89810491168858,0.5300034560528667,0.5717557864134999,0.38437101384633,0.3883091157184176,93.6635707703771,112.85914313058522,-0.07798133574692423
La Salle Explorers,"[401576151, 401588938]",[],100.85130672310174,127.76251740746892,0.5101023706896551,0.5389561201916475,0.4412715517241379,0.201239224137931,95.33403356140796,126.97063174783456,-0.0156016622418296
Lamar Cardinals,[401581792],[],86.6710439921208,107.57341576506956,0.4833333333333333,0.4987908101571947,0.3666666666666666,0.2333333333333333,81.74159079530773,112.67345689486936,-0.007880683850330283
Le Moyne Dolphins,"[401600441, 401575479, 401584357]",[],80.85019575936555,118.72477736612296,0.4091027616451345,0.4348997284794702,0.4396112362214057,0.2052151238591916,73.83590656505156,124.75774164950208,-0.0021498030797002386
Lehigh Mountain Hawks,"[401583597, 401593811, 401600440, 401581159]",[],90.40715527136445,110.65530708445928,0.4529152315020064,0.4864390048252926,0.3403127332734638,0.1949898070153501,86.67640236119061,114.92600082452836,-0.028988411199722616
Liberty Flames,[401584378],[],84.40090429540317,151.8796992481203,0.4126984126984127,0.4265691651432053,0.5555555555555556,0.0952380952380952,77.90110252758069,140.18971161013468,-3.162177663330557e-05
Lindenwood Lions,"[401574830, 401575444]",[],67.89656348898222,124.07327219319582,0.3521419437340153,0.3950719783496914,0.3785166240409207,0.2835677749360614,67.42559889442595,126.35361871263964,-4.4666364041902494e-05
Lipscomb Bisons,"[401586909, 401593938, 401575464]",[],95.22257246195288,100.44469485202644,0.4930829879286747,0.515303683598687,0.4330433880142961,0.2256757282686956,90.07910849686604,109.7003609207222,0.09308025998129121
Long Beach State Beach,"[401577629, 401597890]",[],114.38617423822537,103.16651693706072,0.5565076999503229,0.5855520774123657,0.2435419771485345,0.3419026328862394,95.52785094093213,115.27729317638531,0.20076000891310175
Long Island University Sharks,"[401576639, 401576641]",[],73.69598528408932,119.29345719094847,0.3986559139784946,0.423355352908634,0.3521505376344086,0.1553763440860215,72.15541005450461,131.57057500997297,-0.00031612779762961766
Louisville Cardinals,"[401604095, 401597892, 401604105, 401604116, 401604132, 401604135, 401604159]","[401582026, 401594561, 401589736, 401591375, 401601490, 401598991, 401598960, 401594615, 401576687, 401588941, 401604109, 401604122, 401604144, 401604151, 401604164]",101.69280052285184,108.92418907550764,0.482622599634576,0.5380268068565314,0.3137313056123869,0.4134702882492596,92.23163343177474,117.89196152043723,0.10139073856769237
Loyola Chicago Ramblers,[401577594],[401581585],96.89721010202634,112.57567073906736,0.5147695638725642,0.5415196664283936,0.3965357253325084,0.2435818125579956,90.7335593781647,112.30995943341564,0.40909090909090906
Loyola Maryland Greyhounds,"[401575749, 401594505]",[],98.81870278796173,117.58801134986382,0.5348062953995157,0.5538785982141485,0.4881961259079903,0.2789043583535109,89.87000640227386,120.19885597188792,-0.03828650388225474
Maine Black Bears,"[401577571, 401575467]",[],83.25630213215832,114.08656672818184,0.4173066737288136,0.435495887616841,0.3094544491525424,0.1445974576271186,82.9196519267698,121.1298863094616,-0.008833778249813342
Manhattan Jaspers,"[401575452, 401591370]",[],82.40661711720131,130.18482357101843,0.428688141923436,0.4441782660170411,0.3340336134453781,0.0967553688141923,81.95032213434438,125.4587906846822,-0.00039794874430487676
Marist Red Foxes,[401582015],[],96.26128061882252,102.56410256410255,0.49,0.5025125628140703,0.3,0.26,91.9887602037428,120.39454171114087,-0.2847472489508014
Marquette Golden Eagles,"[401574573, 401577601, 401599439, 401599477, 401599497, 401599501, 401599510, 401599515]","[401577603, 401581598, 401581595, 401574566, 401577598, 401577599, 401575876, 401577600, 401577604, 401599443, 401599448, 401599481, 401599489, 401599506]",111.14264810064545,96.967799384877,0.5510506044500924,0.5803626123784719,0.4275958358406573,0.2709543796442313,100.71394462782564,103.29955215121528,-0.16578403830994348
Marshall Thundering Herd,[401581847],[],101.328390485017,145.45454545454547,0.4855072463768116,0.5182002022244692,0.3768115942028985,0.3333333333333333,93.96466587449832,137.89300019483136,-0.0002511255632614618
Maryland Eastern Shore Hawks,"[401582013, 401583592]",[],85.016093456044,121.96011167748593,0.4251695873374788,0.4509970305740323,0.28631995477671,0.18583945732052,80.96017754955369,134.82185210396025,-0.0025055926672857345
Maryland Terrapins,"[401583847, 401583848, 401574576, 401600294, 401575806, 401600317, 401600330, 401600336, 401600350, 401600365]","[401577620, 401577621, 401577622, 401577623, 401600301, 401577624, 401577625, 401577626, 401600308, 401600324, 401600345, 401600355, 401600372]",100.75641824699608,94.39310146641482,0.4656137623377767,0.5161539793620994,0.3896352140535061,0.41407765971416,89.71327975991103,105.35171505294196,-0.24106549571043834
Massachusetts Minutemen,[],"[401581339, 401575475]",102.5270985956127,100.20772635839413,0.4813432835820895,0.5181019644089024,0.4006981222917669,0.3998555609051516,91.1422727196382,111.33138949488615,-0.14006499980288512
McNeese Cowboys,[401577632],[],122.01963534361852,104.21666095303394,0.5317460317460317,0.5775358470525758,0.2698412698412698,0.4444444444444444,103.57405077658905,108.4358206901321,0.07358755611757362
Memphis Tigers,"[401580924, 401583601, 401583603, 401575514, 401581523]","[401583604, 401575432, 401581521, 401583605]",106.01245107716532,98.7013912600286,0.5039674972575279,0.5527352255245531,0.4071256231320681,0.3931871823870769,97.443118899811,103.45135192082432,0.05221947387768733
Mercer Bears,"[401591432, 401594532]",[],93.43280943372876,121.84882966553148,0.4536497201492537,0.4675815280240536,0.2810167910447761,0.2543143656716418,86.40904936221315,120.64233500106153,-0.007880683850330283
Merrimack Warriors,"[401577634, 401575752, 401583788, 401575485]",[],80.82257887129353,102.08119222384978,0.4363972269868496,0.4698770596657742,0.4205403087478559,0.2237564322469983,73.81386099662606,104.66948845652684,-0.027411274627306505
Miami (OH) RedHawks,[401577638],[],98.12188577999234,128.48948374760994,0.5,0.53475935828877,0.2181818181818181,0.2,89.51276433402286,129.71490705180918,-0.009900990099009901
Miami Hurricanes,"[401574549, 401604112, 401604125, 401604140, 401604146, 401604157, 401604169]","[401588936, 401575461, 401588937, 401581515, 401581517, 401604091, 401576639, 401583792, 401588938, 401588939, 401584348, 401604103, 401604116, 401604131, 401604152, 401604163]",108.61194237440468,100.30685390533192,0.5448058874705248,0.5805729046355113,0.3898081663866392,0.2830270905867861,97.70842898365385,110.33349870380805,-0.1695446040998032
Michigan State Spartans,"[401592391, 401600305, 401600318, 401600325, 401600345, 401600351, 401600373]","[401576149, 401581835, 401592369, 401574577, 401592370, 401592392, 401600300, 401592434, 401592435, 401592436, 401594427, 401600312, 401600331, 401600339, 401600360, 401600365]",109.86106624402844,96.9317636412927,0.5334958190368017,0.562072690623927,0.3172654651654605,0.3079680172625864,99.28440032158818,103.7982231676628,-0.2567237687228062
Michigan Wolverines,"[401574571, 401581525, 401577630, 401600304, 401600319, 401600324, 401600346, 401600360]","[401577627, 401577628, 401577629, 401580924, 401581522, 401600299, 401577631, 401575755, 401577632, 401600311, 401600333, 401600338, 401600353, 401600368]",107.21292211890167,110.99542235824116,0.5337073227455842,0.5659058728014648,0.3953527894467116,0.3149205650702818,97.00419983855436,116.7869412947534,0.05330807461273937
Milwaukee Panthers,[401581157],[],100.1088139281828,110.72179397337072,0.4224137931034483,0.5064591896652965,0.2586206896551724,0.396551724137931,100.57297137564544,119.95188821344615,-0.09090909090909091
Minnesota Golden Gophers,"[401598045, 401600297, 401600311, 401600326, 401600339, 401600354]","[401574616, 401592092, 401594539, 401600050, 401600442, 401579035, 401600302, 401600443, 401594216, 401588609, 401577571, 401600317, 401600332, 401600348, 401600366, 401600373]",108.31293794393596,97.86310005590448,0.5419464350109036,0.5730980967182083,0.3991777311151516,0.3642820170887348,92.66820365681372,109.02498044811831,-0.16114511361272876
Mississippi State Bulldogs,"[401574547, 401597115, 401597136, 401597147, 401597157, 401597166]","[401581593, 401597987, 401597957, 401597983, 401587111, 401580928, 401606613, 401597984, 401597985, 401594433, 401597986, 401606614, 401597122, 401597127, 401597140, 401597155]",105.35037002110066,97.52316644528196,0.5121768706001842,0.5479755079931191,0.3932888000011583,0.3773045052384382,93.2372475729435,106.60798218866628,-0.1634322583397132
Mississippi Valley State Delta Devils,"[401584408, 401584350, 401578012, 401604912, 401591369]",[],74.25841276849614,135.0236903443344,0.3937711323960124,0.4243937989226861,0.207550300674701,0.298678634019216,71.72372878966402,132.7341664718879,-5.754068261303595e-05
Missouri State Bears,[401575469],[],94.66506217408744,103.07692307692308,0.4230769230769231,0.4333137485311398,0.4461538461538462,0.1076923076923077,84.89770193702059,115.81261141918888,-0.13680688860321
Missouri Tigers,"[401574546, 401594539, 401584516, 401575456, 401597118, 401597130, 401597145, 401597152, 401597169]","[401594537, 401583601, 401594538, 401583817, 401594540, 401594505, 401577587, 401587131, 401574421, 401597114, 401597128, 401597141, 401597162]",105.77478849286982,105.0616521208892,0.5118812113463735,0.5523841912639267,0.4094164570495184,0.2789375366658314,94.45352191058664,113.80270804991343,-0.018080582284134727
Monmouth Hawks,"[401575470, 401583752, 401583749]",[],97.66369117912602,103.1167245411326,0.4712270488132556,0.5030450292523462,0.4140244812658606,0.2681631586804001,91.89043886170514,108.51435908140242,0.11997474127940602
Montana Grizzlies,[401575437],[],72.10159770585825,133.33333333333334,0.3604651162790697,0.4283489096573208,0.3953488372093023,0.4418604651162791,81.20242461671685,130.243593582668,-0.00031612779762961766
Morehead State Eagles,"[401577641, 401597952, 401577617, 401591429]",[],86.51767988111081,115.33487341818108,0.4424398155741439,0.4731813602086822,0.4448535709729739,0.282949720263153,80.20261493099389,113.16011313113664,-0.007029691439639242
Morgan State Bears,"[401575433, 401593952]",[],71.9755461470836,130.3401921860729,0.3853715728715728,0.409109095758869,0.2474747474747474,0.2101370851370851,73.63888840968609,131.04452881692094,-0.0001258766942425033
Mount St. Mary's Mountaineers,"[401577620, 401594347, 401594349, 401575482]",[],93.3316341049196,109.34695184335774,0.4660372144436256,0.492247238370169,0.2580403200336877,0.2051865108607923,86.15927258584331,116.43843931352572,-0.06264739145388692
Murray State Racers,[401594433],[],122.58796821793416,130.46815042210284,0.6181818181818182,0.6482074263764405,0.4181818181818181,0.3090909090909091,118.43126290101972,138.15009554275943,-0.2847472489508014
NC State Wolfpack,"[401582151, 401582153, 401574550, 401604089, 401575523, 401604104, 401604122, 401604147, 401604154]","[401583589, 401583590, 401583591, 401583592, 401583593, 401583594, 401583595, 401604111, 401604117, 401604129, 401604139, 401604157, 401604166]",106.29197276846588,99.24817883906525,0.4976396295111895,0.535640024062755,0.3470062882281377,0.3093337074123836,96.37675488658329,108.57925274000354,-0.10287793743313656
NJIT Highlanders,"[401588936, 401581092]",[],83.50973211235657,125.17702291565728,0.4225448654037886,0.4435274567333005,0.457876370887338,0.1402043868394815,80.02105672068356,126.34223644985715,-0.0005620252751523295
Nebraska Cornhuskers,"[401600302, 401574838, 401600314, 401600327, 401600337, 401600355, 401600369]","[401574830, 401574831, 401574832, 401574833, 401574834, 401574835, 401574836, 401574837, 401600305, 401574839, 401574840, 401600309, 401600321, 401600341, 401600347, 401600363]",110.12927874383936,100.06242532453147,0.535140478963119,0.576690674705479,0.4488428242074336,0.345140427090552,95.83688848724654,110.84768699460922,-0.13995069463475351
Nevada Wolf Pack,"[401581559, 401581553]",[],118.79603829282424,102.36547851618764,0.5783018867924528,0.6276535732311985,0.3775471698113207,0.5386792452830189,110.49557952405736,106.885497189218,0.08183182475515194
New Hampshire Wildcats,"[401574603, 401574615, 401591371]",[],87.8364954481163,107.41105573293936,0.4778065802592223,0.5049555035344746,0.5240511797939514,0.3712163509471585,87.68332949634241,108.7345867148091,-0.02845315390106438
New Mexico State Aggies,"[401598991, 401588940]",[],89.00120219431724,118.69854268480606,0.4955357142857143,0.5087978212202877,0.3553571428571428,0.1863095238095238,79.02146567466121,121.31553814402592,-0.004986878736687972
New Orleans Privateers,"[401579035, 401577639, 401579033]",[],77.46235385241009,123.92583794450115,0.3612715267428382,0.4276726912353517,0.2325840370922338,0.4169709388971683,72.46025620197979,130.05135748423646,-0.00036855862091312116
Niagara Purple Eagles,"[401582011, 401584393]",[],94.78380995838069,110.6056012111182,0.4751319811058627,0.5127327955008534,0.2998055015282023,0.1992220061128091,90.25429140927125,125.1510518432105,-0.10088262835672335
Nicholls Colonels,"[401577625, 401584429, 401606613, 401584438]",[],96.04342770025896,110.53987515956842,0.4811225690841308,0.5242103100132436,0.4365304060654393,0.2997508531425753,92.14284158548544,113.87002755989224,0.20953667396763564
Norfolk State Spartans,[401575525],[],68.96551724137932,120.70759625390218,0.3617021276595745,0.4480286738351254,0.1914893617021276,0.425531914893617,69.70472789624473,119.33866417784178,-0.0001994864287215303
North Alabama Lions,"[401577618, 401587111, 401587115, 401587120]",[],88.23348827909261,113.25642155061192,0.4236641696792733,0.4631481083364019,0.3800148312940304,0.2477498146088246,82.81374463091902,118.62594918136804,-0.014741784721595149
North Carolina A&T Aggies,"[401577552, 401575427]",[],73.49985840910598,132.06651504523845,0.3623989218328841,0.3945421350389552,0.5353099730458221,0.1774932614555256,74.24123871495067,137.0951090649834,-0.00014123380465711058
North Carolina Central Eagles,"[401575430, 401590879, 401575451]",[],80.8255536542173,122.2915556874478,0.3665884854739343,0.4168408805071363,0.3728867623604466,0.3516089689464302,79.87247287078708,126.9514860897462,-0.001708404662907186
North Carolina Tar Heels,"[401580309, 401581147, 401578668, 401604101, 401604106, 401604117, 401604134, 401604150, 401604156]","[401583596, 401583597, 401583598, 401580922, 401581520, 401581524, 401574552, 401604092, 401583599, 401604123, 401604132, 401604141, 401604165, 401604171]",112.42448969563648,95.1429064200047,0.5111303596089093,0.5612874846522159,0.3488554247540831,0.3945855849767428,102.23325903690042,101.75912837587228,-0.13757758733826964
North Dakota Fighting Hawks,"[401597398, 401574839]",[],96.11017727510416,125.93121504224682,0.4514925373134328,0.4799946294307196,0.4253731343283582,0.2537313432835821,88.61833549381524,126.28643559053114,-0.0031523091832602115
North Dakota State Bison,[401577592],[],91.04704097116844,133.63363363363365,0.4666666666666667,0.4857512953367875,0.2333333333333333,0.0666666666666666,87.40435946507421,129.39781227884498,-0.0012573425113552932
North Florida Ospreys,"[401584346, 401584348, 401584341, 401584340, 401584347]",[],91.38954827824112,119.32242479086752,0.4683759587187007,0.4900805825100175,0.6313763252876157,0.1491508290096999,84.70856241909914,124.67262815300656,-0.005989505521067934
North Texas Mean Green,"[401581546, 401597986]",[401581341],89.51722283089542,102.7623105530721,0.411551687083602,0.4689345958921196,0.4631420588867397,0.2518375241779497,85.02705422863696,107.51353560367409,-0.14612589278652846
Northeastern Huskies,"[401575431, 401587129]",[],97.69675614575723,113.013988633981,0.5188725490196078,0.5323107294893199,0.4088235294117647,0.1877450980392156,96.67242506567034,118.09650185544808,-0.15097955721132328
Northern Arizona Lumberjacks,[401584359],[],73.6543909348442,135.56903317873707,0.3644067796610169,0.3937007874015747,0.2542372881355932,0.2711864406779661,73.38131699457244,125.5840255884752,-5.011621160218197e-05
Northern Illinois Huskies,"[401581720, 401588613, 401577598, 401588596]",[],101.05393642803328,119.80826402854969,0.5214566588886008,0.5418376382825966,0.3442183043816437,0.3296020222971221,90.28259417000147,124.71188566993118,0.2240823468931379
Northern Iowa Panthers,[401580922],[401581519],100.30288960995988,114.60123149546598,0.5341287458379578,0.5700187234349978,0.3662597114317425,0.3938216796152423,96.09243600150242,113.426866897558,-0.0593509431027676
Northern Kentucky Norse,[401594230],[],96.8096809680968,138.08975834292292,0.4375,0.4733218588640275,0.3125,0.203125,94.9702959900994,142.56295952500895,-0.0039652856191522015
Northwestern State Demons,"[401584433, 401602358]",[],64.97036089576804,131.98706546489092,0.3464739709443099,0.3742044086698819,0.3922518159806295,0.2257869249394673,60.864591850735735,130.9172759311249,-2.5118233373599877e-05
Northwestern Wildcats,"[401581591, 401581593, 401581723, 401581724, 401600307, 401600322, 401600328, 401600341, 401600361, 401600366]","[401574590, 401577531, 401581719, 401581720, 401600295, 401581721, 401581722, 401581725, 401600318, 401600336, 401600349, 401600356]",112.18990886747586,103.77797934046232,0.548928628314428,0.5781714910752243,0.3719450812274724,0.2830666386404705,100.52224963932892,111.748031854705,-0.07144236587375208
Notre Dame Fighting Irish,"[401582157, 401574548, 401604091, 401577603, 401604114, 401604127, 401604161, 401604167]","[401582011, 401582012, 401582155, 401582013, 401581766, 401575488, 401582014, 401582015, 401604096, 401604104, 401604110, 401604124, 401604146, 401604153]",95.03232086266388,98.5923405155746,0.473473999867929,0.5099278525962739,0.4386523709389548,0.2711026977215348,88.91010629475537,106.1283647097176,0.06271683230698011
Oakland Golden Grizzlies,"[401577633, 401584511, 401592435, 401577608]",[],102.00197981683712,114.53920268660806,0.4839440215977101,0.5089077130242775,0.4460219880301847,0.2395508066614624,96.65514756526048,116.05351532524736,0.11319311139679
Ohio State Buckeyes,"[401582160, 401600303, 401600315, 401600333, 401600347, 401600356, 401600364]","[401577633, 401575510, 401577634, 401577635, 401577636, 401577637, 401600297, 401577638, 401581146, 401577639, 401575478, 401600310, 401600323, 401600342, 401600358, 401600371]",110.49953352552146,103.277858507583,0.5098278219028405,0.5568684291462277,0.3628525165454383,0.3574282456549071,97.11455563694476,112.36495328841836,-0.15693380262760703
Oklahoma Sooners,"[401586849, 401586851, 401603410, 401603414, 401603426, 401603448, 401603457]","[401578668, 401584354, 401584349, 401584350, 401584351, 401584352, 401584353, 401574567, 401584355, 401574420, 401583752, 401603402, 401603424, 401603435, 401603444, 401603463]",110.5476542970594,94.79646362172262,0.5373733068719365,0.5810332085750584,0.3742030814385696,0.3794409441900525,98.5788481257086,107.22279374002562,-0.18911239323292517
Oklahoma State Cowboys,"[401582156, 401597407, 401603408, 401603413, 401603428, 401603447, 401603461]","[401582157, 401600131, 401603540, 401579033, 401603541, 401574560, 401603542, 401594607, 401594585, 401603543, 401600246, 401603403, 401603422, 401603436, 401603445, 401603454]",101.16900362331444,102.01928853869276,0.5141472029308637,0.5472796121333187,0.4560061247271901,0.3481471190498317,91.35450880390331,113.91466802720666,-0.050275562193152434
Old Dominion Monarchs,[401581855],[401581338],105.86525390909787,128.05394616062014,0.5231712857791913,0.553909121209729,0.3625624716038164,0.2690822353475692,98.44574138312096,133.27755637120933,-0.021896998648233378
Ole Miss Rebels,"[401593852, 401594545, 401597110, 401597134, 401597138, 401597153, 401597170]","[401574550, 401594542, 401593970, 401594543, 401594544, 401583603, 401594347, 401578030, 401591573, 401594546, 401594547, 401597120, 401597125, 401597148, 401597157, 401597165]",109.88966948092964,102.28000811214989,0.5225099779559257,0.5638982624305332,0.3301262093520004,0.3275465925804393,98.57328358374112,111.52885781833838,0.03907021631854801
Omaha Mavericks,"[401578010, 401581818]",[],82.61651911804717,117.86463988418386,0.4590633423180593,0.4734780635762222,0.3682614555256065,0.3285040431266846,78.37179501318059,116.91259283110044,-0.0028104619732101915
Oral Roberts Golden Eagles,"[401575512, 401594603, 401594606, 401594607]",[],106.3776236156883,119.95343967102812,0.5398420406067792,0.5655935410992613,0.4372582020315613,0.1981582099768974,100.04225440817392,126.30106897548528,-0.06975828735890625
Oregon Ducks,[],"[401586913, 401577630, 401581587, 401582161]",103.50546759469718,106.37997082498808,0.5034373419907755,0.5301273816695092,0.2941908613718721,0.2886029484093217,93.87211242119436,108.8640074160306,0.191236152414763
Oregon State Beavers,"[401582119, 401574834]",[401581799],91.64924044256968,120.2192963104196,0.4272877134512354,0.4976343832829732,0.3647574763926965,0.3963204859431274,86.4042791107202,118.95955025708794,-0.008504020352133355
Penn State Nittany Lions,"[401581334, 401581567, 401581572, 401600301, 401600312, 401600329, 401600342, 401600362, 401600367]","[401608453, 401600439, 401600440, 401589378, 401597952, 401594483, 401600303, 401600441, 401594383, 401600319, 401600322, 401600334, 401600354]",106.70345769578522,101.98017115551902,0.5043951024835422,0.5481968519035609,0.3987488806538862,0.3482086178914916,95.49164721705498,111.94613313651168,-0.09631806143692911
Pennsylvania Quakers,"[401588946, 401583801, 401575442]",[401584358],92.49535152085778,121.32127078702962,0.5002215674635956,0.5205598805638755,0.4724310922638534,0.3388129083317525,92.10253192005902,119.01614798544112,0.23252790850516655
Pepperdine Waves,[401576687],[],86.71713695801789,115.48913043478262,0.4561403508771929,0.4987333755541482,0.4210526315789473,0.2456140350877192,75.00788202865984,126.68746704824424,-0.006270012341433838
Pittsburgh Panthers,"[401575473, 401604097, 401604109, 401604136, 401604143, 401604152]","[401577552, 401574591, 401577553, 401577554, 401581800, 401582119, 401574546, 401604094, 401577555, 401577556, 401577557, 401604101, 401604115, 401604130, 401604160, 401604167]",109.55263220772666,97.85743169657208,0.5089225646489056,0.5437335926070845,0.4476202202278971,0.3342695289394241,96.02430035201948,109.19473333756063,-0.20534022555665454
Prairie View A&M Panthers,"[401575516, 401575448]",[],72.83987407969101,115.06289121011022,0.3804041353383458,0.432971899138773,0.3005952380952381,0.2836779448621553,72.16193797411844,117.9358831222028,-0.00015846420436223715
Presbyterian Blue Hose,"[401581094, 401594069]",[],97.45186240857888,109.64951134084082,0.5211242391693519,0.5573546924655607,0.2978875760830648,0.3546365914786967,90.1930091598814,115.3678361294681,0.3762293189310646
Princeton Tigers,[401587164],[],107.55239224990116,97.0951054516514,0.5083333333333333,0.5243676742751388,0.3333333333333333,0.1833333333333333,108.86475547933632,115.67271897961776,0.16633753081656188
Providence Friars,"[401581516, 401581158, 401574567, 401599475, 401599482, 401599492, 401599502, 401599512, 401599517]","[401574572, 401581156, 401581157, 401581159, 401581160, 401581161, 401577663, 401577722, 401599439, 401599445, 401599472, 401599487, 401599507]",102.96954040743604,93.78153605316928,0.5242788050056034,0.5582253649966135,0.4347032451376671,0.3462475721883047,93.04239322148156,104.47479649982952,-0.10328932636716814
Purdue Boilermakers,"[401575874, 401581598, 401600295, 401600308, 401600321, 401600335, 401600343, 401600357, 401600370]","[401577640, 401577641, 401574570, 401581594, 401577642, 401600298, 401577643, 401577644, 401577645, 401577646, 401600313, 401600329, 401600346, 401600361]",119.49159997209992,97.33956292892016,0.5660762689528807,0.60564143541744,0.362381230966768,0.4292356579029626,106.93765185848704,107.7817954383319,-0.06310177157939678
Purdue Fort Wayne Mastodons,"[401577557, 401587157]",[],88.20183685105863,88.72942620051268,0.4486144740382028,0.4801941003472404,0.3631961259079903,0.2095776163572773,77.1907877215534,98.983521710955,0.1661394245831221
Queens University Royals,"[401583723, 401574497]",[],94.35053404799837,137.0225147217261,0.4780119102153,0.5038287956779846,0.4702244617498854,0.2488547869903802,87.6088726712743,133.36980515463424,-0.00044648415500476703
Quinnipiac Bobcats,[401575757],[],87.88526090936833,121.59197743654026,0.3666666666666666,0.4229323308270676,0.2933333333333333,0.3066666666666666,81.00265711765563,120.73161362901396,-0.0031523091832602115
Radford Highlanders,"[401583596, 401583764, 401575476]",[],94.40800258100246,117.0681604661932,0.4593534613951398,0.4902784412833649,0.388703992899994,0.1542317002750683,87.94491408575072,119.79933479389182,0.31224335621614696
Rhode Island Rams,[401581161],[401581591],96.61869097472024,118.4847268093758,0.4846938775510204,0.5113418431936023,0.2906517445687953,0.3454575378538512,92.37795642680102,123.03530340796192,-0.0477267210342039
Rice Owls,"[401583726, 401575438]",[],76.60127533406443,117.04781479212674,0.3805555555555555,0.4308953456856116,0.4166666666666666,0.2777777777777778,78.40958146866359,116.4573298566034,-0.0025055926672857345
Richmond Spiders,"[401593790, 401575753]",[],97.8222535707988,108.05847728262891,0.4787698412698413,0.4998646740086169,0.3329365079365079,0.2507936507936508,89.82207230132408,109.60375190648772,-0.11181576977811694
Rider Broncs,"[401574832, 401577623, 401594383, 401577599]",[],86.61871654202221,119.77474832888892,0.4135503458752972,0.4635703365206725,0.2882586958979707,0.2892587407035865,83.32027191263782,125.20909559157198,-0.003535589148648061
Robert Morris Colonials,"[401584412, 401577605]",[],91.26767616959437,112.97557619539045,0.4797099087353325,0.5331128233287525,0.4313885267275098,0.2729791395045632,85.85448398194839,113.8538699073089,-0.0593509431027676
Rutgers Scarlet Knights,"[401581091, 401587130, 401597987, 401600310, 401600316, 401600331, 401600344, 401600368, 401600372]","[401587164, 401597961, 401600448, 401574575, 401600449, 401600079, 401600296, 401576641, 401589301, 401600320, 401600337, 401600357, 401600362]",93.63735614213245,93.08057991892032,0.4332463870690561,0.4732127915292825,0.3237599231476324,0.3409899808863119,85.13988089420472,102.2553595153559,-0.004579609896306014
SE Louisiana Lions,"[401583795, 401584430, 401593951]",[],89.5508826393243,120.8934163827882,0.3932915057915058,0.4512206963135865,0.3558558558558558,0.3617331617331618,88.17319721129759,119.42270726067754,-0.002320905931923805
SIU Edwardsville Cougars,[401594538],[],77.66990291262135,106.83424980361352,0.32,0.4098360655737705,0.3,0.5,69.65220082510388,112.670724872761,-0.0156016622418296
SMU Mustangs,"[401586907, 401575489]","[401603135, 401575511]",98.94356576789164,98.80325369260548,0.5092416774402069,0.522115805278586,0.3609405300581771,0.2275735294117647,91.71167806390204,103.5400728546252,-0.0287505638922686
Sacred Heart Pioneers,"[401577721, 401577722]",[],78.76908588413761,115.02098018968718,0.407051282051282,0.4501055493935382,0.254985754985755,0.2941595441595441,77.03301142693687,121.12704516094637,-0.003535589148648061
Saginaw Valley State Cardinals,[401581168],[],94.18096199125462,120.45169385194478,0.4924242424242424,0.506658946149392,0.2575757575757575,0.106060606060606,86.80851227296701,122.9187559975256,-0.0025055926672857345
Saint Francis Red Flash,[401589378],[],79.34131736526946,118.69860564890956,0.3916666666666666,0.4171914357682619,0.3166666666666666,0.1333333333333333,73.3010132109499,124.0937399988987,-0.000999000999000999
Saint Joseph's Hawks,"[401577544, 401577546]",[],119.1275356826434,107.78667220645984,0.6162745098039215,0.6260264165672853,0.5113725490196078,0.1780392156862745,112.1592898745877,106.28372209974738,-0.14006499980288512
Saint Louis Billikens,[401583594],[],101.04655359076143,119.79547114682248,0.5108695652173914,0.595643294758339,0.2608695652173913,0.6304347826086957,95.9235551434922,125.72530028659462,-0.0593509431027676
Saint Mary's Gaels,[],[401601493],69.82543640897755,99.06191369606005,0.2928571428571428,0.3235604860010565,0.3285714285714285,0.1857142857142857,65.68212203783307,103.5152450730492,-0.019562303872579522
Saint Peter's Peacocks,"[401600079, 401587126]",[],76.48377734605266,110.58121401739916,0.3818181818181818,0.4192473809347897,0.4034965034965035,0.2774475524475525,74.14605938206495,122.64277524708356,-0.007880683850330283
Sam Houston Bearkats,"[401594544, 401603540, 401597889]",[],97.0616046557242,119.76818161849724,0.4652871494976758,0.4964195263020829,0.388441631635824,0.2941349837901562,89.72486667685082,123.80547668071068,-0.0156016622418296
Samford Bulldogs,[401577640],[],57.58157389635316,129.88734261100066,0.2867647058823529,0.3033980582524272,0.4558823529411764,0.2058823529411764,55.73402996018116,121.25850361431957,-5.011847217534301e-06
San Diego State Aztecs,[401593950],[],90.68712940355772,97.88359788359789,0.4913793103448275,0.5100439422473321,0.3103448275862069,0.2241379310344827,90.33399030902405,93.57872614016782,-0.11181576977811694
San Francisco Dons,[401594554],"[401598045, 401601488]",116.20553381081164,88.84095349022424,0.5872586582525731,0.604184301806529,0.3728119600330553,0.1356343303604966,103.4341510652677,99.81725839571877,0.026406509282881796
San Jos State Spartans,[401597886],[],66.82577565632458,92.9846409298464,0.3773584905660377,0.3774263120057513,0.4716981132075472,0.1132075471698113,62.09858254965407,91.76836109942984,-0.03828650388225474
Santa Clara Broncos,[],[401582160],89.45686900958466,129.76235382874387,0.4363636363636363,0.4513217279174726,0.3636363636363636,0.2909090909090909,81.60800793891072,130.9999166840966,-0.000999000999000999
Seton Hall Pirates,"[401586852, 401587131, 401574569, 401586850, 401599447, 401599472, 401599480, 401599485, 401599506, 401599509]","[401587130, 401587126, 401587127, 401582140, 401587128, 401587129, 401583749, 401599441, 401599477, 401599490, 401599496, 401599502]",107.6857846314482,100.01286792630243,0.5072122637868661,0.5526111239467608,0.2922535028308062,0.3246647189410014,96.93882560093807,109.59760381690396,-0.013773813538511037
South Alabama Jaguars,"[401577622, 401591431]",[],76.5824835092395,125.85309427414693,0.3558341369334619,0.4119193194246853,0.4043715846994535,0.2701703632272581,74.00416297220448,125.58039518850669,-0.00035468754134491184
South Carolina Gamecocks,"[401583763, 401592850, 401601489, 401583616, 401597119, 401597128, 401597137, 401597158, 401597167]","[401581590, 401574548, 401592849, 401575391, 401581076, 401592851, 401592852, 401588317, 401592853, 401597115, 401597133, 401597144, 401597152, 401597170]",109.83540004176814,96.69655287668184,0.5168514098429953,0.5542654827608134,0.4319748482194969,0.3255884798305141,96.17635827668668,107.81878433855876,0.0007600089131017951
South Carolina State Bulldogs,"[401577556, 401574840, 401594540, 401603543]",[],81.17255588275839,115.8370933850184,0.3864148390927486,0.4306461584995949,0.2865498846781278,0.2205950323259441,75.37046382956633,121.34304894087424,-0.0025055926672857345
South Carolina Upstate Spartans,"[401600050, 401592849, 401594551]",[],86.27537228909434,108.64341265011188,0.4344877344877345,0.451312446643738,0.3266354016354016,0.2147667147667147,80.29528524660995,115.6191915608578,-0.02108997711718638
South Dakota Coyotes,[401597891],[],88.1057268722467,108.10810810810813,0.3538461538461538,0.4164353137146029,0.2615384615384615,0.2461538461538461,72.12121169700718,129.99218661186836,-0.0593509431027676
South Dakota State Jackrabbits,[401590207],[401590208],98.96782483662034,118.18571820194448,0.5123931623931623,0.5370107547757162,0.4207977207977208,0.3839031339031339,99.3057812309909,129.5632934524669,-0.0477267210342039
South Florida Bulls,[401577577],[],110.41405269761606,88.208269525268,0.5245901639344263,0.5860415556739478,0.3770491803278688,0.5245901639344263,103.16369509181608,96.62446603971064,0.024503367550335886
Southeast Missouri State Redhawks,[401581163],[],70.81884287069238,113.53711790393012,0.3260869565217391,0.3661087866108786,0.3043478260869565,0.2463768115942029,65.2751709105358,115.86255739541146,-0.00031612779762961766
Southern Illinois Salukis,[],[401597407],110.3230890464933,101.1528449237635,0.5408163265306123,0.5964553510565781,0.3061224489795918,0.4489795918367347,101.8850423273796,111.53556670918566,0.3868631798468569
Southern Indiana Screaming Eagles,"[401576152, 401592369]",[],86.31081924883512,111.196732680897,0.4373563218390804,0.4522447380114884,0.4060344827586207,0.1433908045977011,82.93602117489286,109.79276065209945,-0.008833778249813342
Southern Jaguars,"[401584513, 401597984, 401578009, 401577600]",[],86.13188463784219,117.3054910466632,0.4804115922675641,0.4957647454312568,0.4320704644475136,0.2459824913571986,83.56899589289262,118.07170766469004,0.24625569844289652
Southern Miss Golden Eagles,[401594546],[],106.94392870404752,130.30746705710104,0.5568181818181818,0.6442376521116678,0.3409090909090909,0.6136363636363636,98.51257875447484,132.2803042308194,-0.019562303872579522
St. Bonaventure Bonnies,[],"[401582158, 401582156]",97.364376798794,107.11778211559984,0.4465010141987829,0.5093092788919651,0.3931710615280595,0.3179513184584178,94.06242425935336,110.5712457306782,0.3490204427886767
St. John's Red Storm,"[401583793, 401574564, 401581341, 401581545, 401581551, 401599446, 401599478, 401599486, 401599490, 401599511]","[401574571, 401587132, 401587133, 401577721, 401586895, 401599442, 401587134, 401599470, 401599482, 401599497, 401599503, 401599516, 401599518]",108.73460672620403,100.18457183139311,0.4962640499530255,0.5312482367582574,0.3281645860874923,0.2942499153284895,97.58607321785844,108.49296731527954,-0.22936144149157167
St. Thomas-Minnesota Tommies,[401577604],[],113.26164874551972,114.5975443383356,0.6454545454545455,0.664983164983165,0.6181818181818182,0.1818181818181818,110.0478714379124,115.02104806356247,-0.2402530733520421
Stanford Cardinal,"[401581522, 401580925]",[],98.4607112987375,104.0452426656588,0.5330024813895782,0.5506729178304295,0.4485111662531017,0.2168734491315136,85.3711656483238,110.32199460577758,-0.2847472489508014
Stetson Hatters,"[401575436, 401575463, 401600237]",[],100.9490613698532,120.48776921555282,0.5414173953060285,0.5981568547688036,0.4922534131001687,0.3739837398373984,104.70624220439775,124.22709305112262,0.2739823902305657
Stonehill Skyhawks,"[401588939, 401589301, 401588944, 401589296]",[],85.62143085431427,119.65744732973543,0.4444010416666666,0.4769628730490899,0.5291092867231638,0.1893185028248587,82.92063000644838,119.97252191303004,-0.0014940002796058715
Stony Brook Seawolves,"[401574833, 401592436, 401587132]",[],91.05755803260512,124.7054681764959,0.4219628659096508,0.4425171931188427,0.3534851844386212,0.1683943649353848,86.42264875533199,126.98314882298271,-0.001991289170728319
Syracuse Orange,"[401581596, 401581601, 401604093, 401575486, 401586913, 401604100, 401604123, 401604130, 401604158, 401604168]","[401574603, 401586910, 401586911, 401575873, 401574545, 401586912, 401584393, 401604097, 401604118, 401604140, 401604142, 401604154]",102.38187222013866,99.30169038824118,0.4976240672705538,0.5371391702542622,0.3441964999030972,0.331597921383104,92.53597593664398,107.3318943023447,0.07142595886936787
TCU Horned Frogs,"[401578015, 401574565, 401581338, 401581560, 401603400, 401603420, 401603436, 401603439]","[401578009, 401578010, 401578011, 401578012, 401578013, 401578014, 401607342, 401581553, 401578016, 401603410, 401603415, 401603429, 401603449, 401603455]",111.78164516278524,96.96823812852811,0.5390342862761242,0.5778972285284104,0.2962421072316312,0.3660583515218061,98.96860277117676,109.74654277191247,-0.22453044221706175
Tarleton State Texans,"[401575425, 401575524]",[],73.1562423151465,116.28973110067898,0.3406249999999999,0.3957384106488433,0.31875,0.3104166666666667,75.4215234778703,119.35175943534688,-0.003535589148648061
Temple Owls,[],[401593852],124.79161705167898,117.96246648793564,0.5721649484536082,0.6165286144578314,0.5154639175257731,0.2164948453608247,114.95317360859694,119.7484020467086,-0.44268836623770724
Tennessee Tech Golden Eagles,[401575517],[],59.13410770855332,113.87900355871886,0.2941176470588235,0.3537735849056603,0.2352941176470588,0.3725490196078431,59.767939864573094,112.58751382982548,-0.00015846420436223715
Tennessee Volunteers,"[401575873, 401574552, 401575518, 401581594, 401581599, 401597122, 401597126, 401597156, 401597163]","[401575523, 401575521, 401575517, 401575519, 401575520, 401575522, 401575524, 401575525, 401597110, 401597132, 401597143, 401597158]",112.83301124126965,93.2172032188464,0.5172446888230284,0.5606878269820991,0.4086838556262765,0.3414841051852251,101.87666524093356,103.41018899742146,-0.15296612130583986
Texas A&M Aggies,"[401574553, 401575510, 401575511, 401581565, 401581570, 401575440, 401597116, 401597131, 401597139]","[401581334, 401575509, 401575512, 401575513, 401575514, 401575515, 401575516, 401597111, 401597129, 401597145, 401597153, 401597168]",108.63716063671984,100.39335334670812,0.4422179572180578,0.4924007761735858,0.3888027020897691,0.382102434651851,99.03638834557722,108.638323709891,-0.107952478746829
Texas A&M-Corpus Christi Islanders,"[401575435, 401597887, 401583731]",[],77.81284826052284,106.34621929290608,0.3955685028248588,0.4179192594853549,0.299611581920904,0.1884710451977401,77.4772534913789,105.4917193786098,-0.012432735254442407
Texas Longhorns,"[401591375, 401574566, 401603406, 401603418, 401603435, 401603440, 401603455]","[401583730, 401583724, 401583725, 401583726, 401601491, 401583727, 401583728, 401583729, 401583731, 401583732, 401583733, 401603404, 401603425, 401603430, 401603446, 401603462]",110.10686091949428,98.62934773015223,0.5449454716462263,0.5801933385268203,0.3426840819591167,0.307607000467395,100.58493624312496,112.32903467789863,-0.19274471011112737
Texas Southern Tigers,"[401575428, 401577642, 401577593]",[],71.53986170560255,119.77279347916529,0.3468249790411573,0.3670416609688922,0.3300574514863435,0.1421759926148701,70.36497838836019,117.59297755748644,-0.0007936977781692436
Texas State Bobcats,"[401584351, 401583728, 401575441]",[],70.81096751848179,115.0227992929906,0.3674429278416347,0.3989080285134516,0.2670019157088122,0.2636773627075351,71.63589225537133,115.1108196666413,-0.0007936977781692436
Texas Tech Red Raiders,"[401580923, 401581519, 401574559, 401603404, 401603423, 401603444, 401603449, 401603460]","[401581525, 401577968, 401597885, 401597886, 401597887, 401581818, 401594606, 401597888, 401597889, 401587120, 401603408, 401603416, 401603431, 401603456]",113.03189063780842,101.38848376694024,0.5409895063497179,0.5847559787428513,0.4106571662445253,0.3389473091470856,102.585456339084,113.13806057622564,-0.12827247987503732
The Citadel Bulldogs,"[401583589, 401582014]",[401593809],97.03327928387672,94.0910777629162,0.5048833649462581,0.5293934524548275,0.3853573924328641,0.3030597983428172,91.07900277176871,101.07297539579706,-0.22397830042895944
Toledo Rockets,[401575477],[],105.67514677103718,122.47644683714672,0.5144927536231884,0.538850452368281,0.2753623188405797,0.2028985507246377,94.7717870424026,137.6090469344734,-0.09090909090909091
Towson Tigers,[401581547],[401581343],92.66264639422906,110.48053388335184,0.4047619047619047,0.4488647996293223,0.2658730158730158,0.4246031746031746,96.71306457064988,108.71025367006465,-0.0477267210342039
Troy Trojans,[401591573],[],77.20320466132556,104.04217926186293,0.4468085106382978,0.4984951091045899,0.4680851063829787,0.2978723404255319,71.11658297446508,105.61736358182618,-0.007880683850330283
Tulane Green Wave,[401597985],[],96.02021478205936,133.2495285983658,0.4649122807017544,0.5280711506392439,0.4210526315789473,0.5964912280701754,92.76436722117728,141.09524084870665,-0.000999000999000999
Tulsa Golden Hurricane,[401603542],[],73.54838709677419,91.89534141671986,0.3981481481481481,0.4538216560509554,0.3703703703703703,0.3703703703703703,67.92304854070368,101.32783700322842,-0.030653430031715508
UAB Blazers,[],"[401583760, 401583848]",99.60064825736526,98.28335715502364,0.4791666666666666,0.5407428940664654,0.2666666666666666,0.3462962962962963,94.56134312097578,102.20331878320866,-0.05731163376229276
UAlbany Great Danes,[401582140],[],98.57688302672682,133.56521739130434,0.4754098360655737,0.5118223760092272,0.4590163934426229,0.3114754098360656,92.86359830555632,138.36229206821105,-0.0031523091832602115
UC Riverside Highlanders,[401583598],[],70.53291536050158,110.0392997499107,0.3616071428571428,0.378024193548387,0.4732142857142857,0.1428571428571428,69.84603031638761,109.18667537106316,-0.0031523091832602115
UCF Knights,"[401575461, 401590208, 401614679, 401603401, 401603425, 401603427, 401603441]","[401594545, 401575460, 401575462, 401575463, 401575464, 401575465, 401575467, 401575468, 401574626, 401603411, 401603417, 401603437, 401603450, 401603457]",101.95837024129222,91.02320357771104,0.4754293770889311,0.5238672090824105,0.3811631754406691,0.3851775112357607,90.32902021058422,102.44915958900508,-0.21546033511204687
UCLA Bruins,"[401581146, 401575876, 401575804]",[401575806],92.83890398562738,103.71246790635914,0.4161608819154901,0.4769952809227071,0.2506305927388876,0.3570288688952283,89.15903707523412,107.78730071564732,-0.17447401263881834
UConn Huskies,"[401591374, 401601491, 401574563, 401591373, 401599441, 401599474, 401599483, 401599498, 401599516]","[401580309, 401584359, 401589296, 401591369, 401591370, 401591371, 401591372, 401599446, 401599471, 401599488, 401599493, 401599508, 401599512, 401599519]",120.42283519664969,94.56696427858358,0.5685859456038334,0.6045860310894474,0.4140602496512687,0.3563962316214937,106.04673628855444,105.46350555464188,-0.08158127355744627
UIC Flames,[401577706],[],83.66390191128741,95.60096986491168,0.4695652173913043,0.4787058435127105,0.2434782608695652,0.1217391304347826,82.07428687653706,98.6978133711934,-0.07358755611757352
UL Monroe Warhawks,[401575434],[],50.34510759236703,131.12100364225012,0.3205128205128205,0.3334767641996557,0.4102564102564102,0.4358974358974359,56.69978106126657,128.08253031399565,-5.011847217534301e-06
UMBC Retrievers,"[401582026, 401577621, 401582137]",[],100.78631159072364,117.2462046083571,0.5262503552145495,0.5348561287635105,0.3055555555555556,0.2183859050866723,91.82252712556534,124.64529389874656,-0.02640650928288191
UMass Lowell River Hawks,[401582018],[],100.64603876232572,91.11324991979468,0.4328358208955223,0.4909766454352441,0.2238805970149253,0.2835820895522388,88.55687550351833,100.0800125432602,0.33386057541687786
UNC Asheville Bulldogs,"[401577627, 401583797]",[],96.46565831436916,130.6629347816013,0.5052584670231729,0.5378754600031705,0.3939393939393939,0.4310160427807487,89.44111025891068,131.5671690199413,-0.0031523091832602115
UNC Greensboro Spartans,"[401594552, 401594526, 401583732]",[],91.28614423310842,108.46611995624836,0.4529625877143607,0.4755786396394035,0.4209951592930316,0.2958760178618335,82.10082957882854,117.17027449188106,0.2597457772157598
UNC Wilmington Seahawks,"[401588945, 401594529]",[],111.0973711702876,115.93301674056455,0.5076923076923077,0.5489177297899461,0.4505827505827506,0.4114219114219114,100.78951241805966,119.41768371638356,0.2381090325404186
UNLV Rebels,[],"[401586906, 401577596]",118.78515750859448,110.29116109652549,0.5973963355834138,0.6170808966861598,0.2783670845387335,0.2762777242044358,112.63631512790828,114.2722943538933,-0.191236152414763
USC Trojans,[401583798],"[401581588, 401586851, 401586850]",102.3146021799422,99.65739583253672,0.5247441520467836,0.5776952694921486,0.3911549707602338,0.3901315789473684,100.3040323624696,101.83247406325827,-0.04306649202221191
UT Arlington Mavericks,"[401597888, 401583733]",[],92.13781227997607,109.28511755579424,0.4710382513661202,0.4880681828757345,0.4546448087431693,0.1903005464480874,86.81839267670401,109.41292331194995,-0.03828650388225474
UT Martin Skyhawks,"[401583593, 401597983]",[],89.97975914459343,114.21827597936786,0.4126984126984127,0.4550298563456458,0.3888888888888888,0.3095238095238095,86.14364576782901,120.40647021697234,-0.012432735254442407
UT Rio Grande Valley Vaqueros,"[401578011, 401584352]",[],78.86946209238769,112.5565510835338,0.4454177897574124,0.4770959577999525,0.2491576819407008,0.370788409703504,77.5936338561053,112.96959032620332,-0.0014105450967152602
UTSA Roadrunners,[401592092],[],96.69211195928754,133.94615889691397,0.4718309859154929,0.486929779600205,0.3098591549295774,0.2253521126760563,93.0890041674762,137.9534853588974,-0.0025055926672857345
Utah Utes,[401581344],"[401581548, 401593954, 401581551]",104.77665070903356,108.20085125668382,0.5257397969118134,0.5555074688037108,0.4355066008528535,0.2962656015733006,105.36629043768151,107.01876521586424,0.11313682015314308
VCU Rams,[],"[401581572, 401581335]",108.63990772976057,95.89046394244716,0.5917832167832169,0.6424325790155541,0.4055944055944055,0.4737762237762237,106.5934308372794,99.25360311736168,-0.21525275104919872
VMI Keydets,[401575391],[],88.18463658284533,100.16920473773266,0.4576271186440678,0.4813477737665463,0.2203389830508474,0.288135593220339,85.92276503620344,101.73599547040416,-0.09090909090909091
Valparaiso Beacons,"[401584332, 401584512]",[],77.93151847654454,108.6527884931214,0.3819711538461539,0.4099015979926922,0.3495192307692307,0.1706730769230769,74.49770016634537,108.7244181705958,-0.006270012341433838
Vanderbilt Commodores,"[401582154, 401577968, 401583605, 401597117, 401597125, 401597140, 401597161]","[401582151, 401574558, 401594069, 401594551, 401594552, 401574410, 401594553, 401594554, 401583810, 401594555, 401597112, 401597135, 401597156, 401597169, 401597171]",97.77988614239544,107.3276626519948,0.4497818005107498,0.4989207415641497,0.4162060874223387,0.3654564131782688,90.1653162701797,116.94380499714156,0.139527760830634
Vermont Catamounts,[401584333],[],76.95209354960392,111.578142911731,0.4035087719298245,0.4183070866141732,0.3508771929824561,0.1578947368421052,72.25219367054123,113.94850656986,-0.006270012341433838
Villanova Wildcats,"[401581520, 401574568, 401584358, 401599440, 401599444, 401599489, 401599503, 401599504]","[401574576, 401580923, 401584356, 401584357, 401581523, 401577546, 401604303, 401575804, 401599473, 401599478, 401599484, 401599498, 401599510, 401599517]",108.01742298054428,98.8417452309393,0.5019333452183056,0.5504729033818933,0.4769959294553775,0.3011087232418497,98.23963105515008,106.04610474286632,-0.22381381605395922
Virginia Cavaliers,"[401575426, 401575432, 401604096, 401604111, 401604126, 401604138, 401604151, 401604162]","[401575425, 401575427, 401575428, 401575429, 401603134, 401574553, 401604093, 401575430, 401575431, 401575433, 401604105, 401604133, 401604147, 401604161, 401604169]",105.41480529745124,89.64524907703297,0.5062175737310354,0.5296890875520396,0.3234021190605149,0.2586756932322543,92.75484055660095,102.02966785425836,-0.013686975616046038
Virginia Tech Hokies,"[401581590, 401574556, 401604098, 401604107, 401604133, 401604139, 401604163]","[401584329, 401584330, 401584331, 401581336, 401581566, 401581569, 401604095, 401584332, 401584333, 401584334, 401604119, 401604125, 401604145, 401604149, 401604155]",109.23284382556668,100.34499357174988,0.5437493455832917,0.5896084661744524,0.4267706538774275,0.3444635640812746,98.91060587467015,110.53965728063665,-0.16395656246594836
Wagner Seahawks,"[401587128, 401581160]",[],77.43542571975344,117.56692511386773,0.3457124842370744,0.3778388763519278,0.3746532156368222,0.189155107187894,75.25180240773423,124.66602161826722,-0.0017751227458097578
Wake Forest Demon Deacons,"[401581089, 401604099, 401604113, 401604129, 401604141, 401604160, 401604173]","[401581088, 401581344, 401581547, 401581550, 401581090, 401574554, 401581091, 401581092, 401581093, 401581094, 401604098, 401604112, 401604126, 401604135, 401604168]",112.6454644169045,96.70044054846429,0.5524610970715731,0.5974233073135365,0.3791298316529511,0.3284464629728422,101.37501585425528,108.12322877604748,-0.2711477984045556
Washington Huskies,[401588732],[],91.7260613572978,89.05613044841644,0.3863636363636363,0.4595131644311972,0.2424242424242424,0.5,86.28320374300141,93.05965153176642,0.33386057541687786
Washington State Cougars,[401580928],[],91.82209469153514,105.7391304347826,0.4661016949152542,0.4978220286247666,0.3898305084745763,0.2033898305084746,88.70859672951666,111.96503456907114,-0.0593509431027676
West Virginia Mountaineers,"[401603134, 401575478, 401575475, 401603399, 401603424, 401603437, 401603445]","[401575473, 401575469, 401575470, 401575471, 401575489, 401575472, 401574564, 401575474, 401575476, 401575477, 401603409, 401603418, 401603432, 401603451, 401603458]",99.28607463980693,105.05581516874736,0.4797010875199091,0.5260601845934105,0.3728932066310467,0.3827908115781013,93.36518761773289,113.05288018349248,0.10412093016877849
Western Carolina Catamounts,"[401582012, 401583810]",[],98.76323841190174,88.41134151764616,0.4362926136363636,0.4919763484264375,0.3367897727272727,0.3315340909090909,90.87846059145102,102.35227086820694,0.21987039600684155
Western Illinois Leathernecks,"[401584514, 401584413]",[],77.91327913279133,123.0057180174502,0.3903508771929824,0.424405069388211,0.3446637426900585,0.3713450292397661,74.40063347590512,120.15423717664612,-0.001991289170728319
Western Michigan Broncos,"[401581766, 401581719, 401577635]",[],92.70191027732383,113.67272914623608,0.456788781651837,0.4699150563987618,0.4134197670411912,0.1820598530884593,85.78910216416519,121.28201779023988,-0.03828650388225474
Wichita State Shockers,"[401577587, 401577590, 401575459]",[],88.57132723043829,108.66081811102003,0.4440766205472088,0.4668696770750153,0.3387941034999858,0.1820516085221967,84.10621977665717,114.1668804130406,-0.05133866077986924
Winthrop Eagles,"[401583759, 401586908, 401594531, 401592852, 401577611]",[],85.74242561127747,106.28580805402376,0.4172685567137614,0.4776026633114508,0.3893171530497102,0.4301828905039914,80.38417212944377,110.41625297887018,-0.05209144932737488
Wisconsin Badgers,"[401575429, 401574572, 401603135, 401600300, 401584414, 401600323, 401600334, 401600348, 401600363]","[401584411, 401575518, 401584412, 401584413, 401577601, 401584415, 401584416, 401600306, 401600314, 401600328, 401600340, 401600351, 401600370]",114.4200348441912,100.1542220170058,0.5364918031568897,0.5809797820745186,0.3512941165435776,0.3677981800371095,105.4208853314392,107.27276157922148,-0.1317362848108825
Wofford Terriers,"[401584331, 401575519, 401594585]",[],98.01911530778784,121.1610292826174,0.5109289617486339,0.529632230209712,0.4863387978142077,0.1530054644808743,93.7852681910706,125.17355326621504,-0.022734184192685775
Wright State Raiders,[401577614],[],107.27455581629232,115.28497409326424,0.4926470588235294,0.5299417064122947,0.3823529411764705,0.25,96.42682987922534,122.4941346205644,-0.11181576977811694
Wyoming Cowboys,"[401583727, 401593958]",[],91.79908262632944,126.63306468604355,0.4380548829701371,0.4796085220987832,0.2688996502555824,0.271589991928975,89.57811167286957,124.61426293418812,-0.003535589148648061
Xavier Musketeers,"[401574570, 401601493, 401599442, 401599473, 401599487, 401599499, 401599508, 401599514]","[401574562, 401577610, 401577605, 401577606, 401588732, 401577607, 401577608, 401577609, 401577611, 401599447, 401599483, 401599491, 401599494, 401599511]",106.75424369201802,100.15964820718706,0.4972474912211385,0.5412077531018519,0.3289663956866657,0.3368117464190913,98.60793322109453,109.13789678483408,-0.13474333505231673
Yale Bulldogs,[401575458],[],94.04388714733544,110.78286558345644,0.5,0.521557719054242,0.3888888888888889,0.1481481481481481,93.32458415419327,111.06806087924213,-0.030653430031715508
Youngstown State Penguins,[401577628],[],80.2588996763754,118.55670103092784,0.4044117647058823,0.4281767955801104,0.3382352941176471,0.1470588235294117,68.12624318163739,123.35641016551908,-0.000999000999000999
